token_count,rank_host,rank_country,ASNno,sec_sen_word_cnt,avg_token_length,No_of_dots,malicious,Length_of_url,avg_path_token,IPaddress_presence,Length_of_host,safebrowsing,URL,host,avg_domain_token_length,path_token_count,path,largest_domain,domain_token_count,largest_path,largest_token
3,1,1,15169,0,4.333333333333333,1,0,17,0,0,10,0,http://google.com,google.com,4.5,0,,6,2,0,6
3,2,2,32934,0,5.0,1,0,19,0,0,12,0,http://facebook.com,facebook.com,5.5,0,,8,2,0,8
3,3,3,15169,0,4.666666666666667,1,0,18,0,0,11,0,http://youtube.com,youtube.com,5.0,0,,7,2,0,7
3,4,4,36647,0,4.0,1,0,16,0,0,9,0,http://yahoo.com,yahoo.com,4.0,0,,5,2,0,5
3,6,1,23724,0,4.0,1,0,16,0,0,9,0,http://baidu.com,baidu.com,4.0,0,,5,2,0,5
3,5,6,14907,0,5.333333333333333,1,0,20,0,0,13,0,http://wikipedia.org,wikipedia.org,6.0,0,,9,2,0,9
3,7,2,17623,0,3.0,1,0,13,0,0,6,0,http://qq.com,qq.com,2.5,0,,3,2,0,4
3,10,8,20049,0,5.0,1,0,19,0,0,12,0,http://linkedin.com,linkedin.com,5.5,0,,8,2,0,8
3,11,15,8075,0,3.6666666666666665,1,0,15,0,0,8,0,http://live.com,live.com,3.5,0,,4,2,0,4
3,8,9,13414,0,4.666666666666667,1,0,18,0,0,11,0,http://twitter.com,twitter.com,5.0,0,,7,2,0,7
3,12,5,16509,0,4.333333333333333,1,0,17,0,0,10,0,http://amazon.com,amazon.com,4.5,0,,6,2,0,6
3,13,3,37963,0,4.333333333333333,1,0,17,0,0,10,0,http://taobao.com,taobao.com,4.5,0,,6,2,0,6
3,9,13,15169,0,5.0,1,0,19,0,0,12,0,http://blogspot.com,blogspot.com,5.5,0,,8,2,0,8
4,17,1,15169,0,3.5,2,0,19,0,0,12,0,http://google.co.in,google.co.in,3.3333333333333335,0,,6,3,0,6
3,15,21,13768,0,5.333333333333333,1,0,20,0,0,13,0,http://wordpress.com,wordpress.com,6.0,0,,9,2,0,9
4,16,4,4808,0,3.25,2,0,18,0,0,11,0,http://sina.com.cn,sina.com.cn,3.0,0,,4,3,0,4
3,29,1,13238,0,4.0,1,0,16,0,0,9,0,http://yandex.ru,yandex.ru,4.0,0,,6,2,0,6
4,26,1,24572,0,3.25,2,0,18,0,0,11,0,http://yahoo.co.jp,yahoo.co.jp,3.0,0,,5,3,0,5
3,20,10,8075,0,3.6666666666666665,1,0,15,0,0,8,0,http://bing.com,bing.com,3.5,0,,4,2,0,4
3,14,5,4808,0,4.333333333333333,1,0,17,0,0,10,0,http://hao123.com,hao123.com,4.5,0,,6,2,0,6
3,27,1,15169,0,4.0,1,0,16,0,0,9,0,http://google.de,google.de,4.0,0,,6,2,0,6
3,38,2,47541,0,3.0,1,0,13,0,0,6,0,http://vk.com,vk.com,2.5,0,,3,2,0,4
3,25,7,11643,0,3.6666666666666665,1,0,15,0,0,8,0,http://ebay.com,ebay.com,3.5,0,,4,2,0,4
3,18,6,45062,0,3.3333333333333335,1,0,14,0,0,7,0,http://163.com,163.com,3.0,0,,3,2,0,4
3,19,46,-1,0,8.0,1,0,28,0,0,21,0,http://googleusercontent.com,googleusercontent.com,10.0,0,,17,2,0,17
4,34,1,15169,0,3.5,2,0,19,0,0,12,0,http://google.co.uk,google.co.uk,3.3333333333333335,0,,6,3,0,6
3,23,17,33612,0,4.333333333333333,1,0,17,0,0,10,0,http://tumblr.com,tumblr.com,4.5,0,,6,2,0,6
3,28,12,14618,0,5.333333333333333,1,0,20,0,0,13,0,http://pinterest.com,pinterest.com,6.0,0,,9,2,0,9
3,36,1,15169,0,4.0,1,0,16,0,0,9,0,http://google.fr,google.fr,4.0,0,,6,2,0,6
3,31,25,714,0,4.0,1,0,16,0,0,9,0,http://apple.com,apple.com,4.0,0,,5,2,0,5
3,21,23,8075,0,3.3333333333333335,1,0,14,0,0,7,0,http://msn.com,msn.com,3.0,0,,3,2,0,4
4,43,2,15169,0,3.75,2,0,20,0,0,13,0,http://google.com.br,google.com.br,3.6666666666666665,0,,6,3,0,6
3,30,7,23724,0,4.0,1,0,16,0,0,9,0,http://weibo.com,weibo.com,4.0,0,,5,2,0,5
3,42,5,47764,0,3.3333333333333335,1,0,14,0,0,7,0,http://mail.ru,mail.ru,3.0,0,,4,2,0,4
3,22,33,8075,0,5.333333333333333,1,0,20,0,0,13,0,http://microsoft.com,microsoft.com,6.0,0,,9,2,0,9
4,45,2,15169,0,3.5,2,0,19,0,0,12,0,http://google.co.jp,google.co.jp,3.3333333333333335,0,,6,3,0,6
3,33,11,4134,0,3.6666666666666665,1,0,15,0,0,8,0,http://soso.com,soso.com,3.5,0,,4,2,0,4
3,32,22,14618,0,5.333333333333333,1,0,20,0,0,13,0,http://instagram.com,instagram.com,6.0,0,,9,2,0,9
3,24,36,16798,0,3.3333333333333335,1,0,14,0,0,7,0,http://ask.com,ask.com,3.0,0,,3,2,0,4
3,37,19,11643,0,4.333333333333333,1,0,17,0,0,10,0,http://paypal.com,paypal.com,4.5,0,,6,2,0,6
4,39,12,15169,0,3.75,2,0,20,0,0,13,0,http://google.com.hk,google.com.hk,3.6666666666666665,0,,6,3,0,6
3,46,3,15169,0,4.0,1,0,16,0,0,9,0,http://google.ru,google.ru,4.0,0,,6,2,0,6
3,44,56,15169,0,4.666666666666667,1,0,18,0,0,11,0,http://blogger.com,blogger.com,5.0,0,,7,2,0,7
3,49,44,46652,0,4.666666666666667,1,0,18,0,0,11,0,http://xvideos.com,xvideos.com,5.0,0,,7,2,0,7
3,52,1,15169,0,4.0,1,0,16,0,0,9,0,http://google.it,google.it,4.0,0,,6,2,0,6
3,41,8,37963,0,4.0,1,0,16,0,0,9,0,http://tmall.com,tmall.com,4.0,0,,5,2,0,5
3,47,29,16509,0,3.6666666666666665,1,0,15,0,0,8,0,http://imdb.com,imdb.com,3.5,0,,4,2,0,4
3,55,1,15169,0,4.0,1,0,16,0,0,9,0,http://google.es,google.es,4.0,0,,6,2,0,6
3,62,11,22414,0,5.666666666666667,1,0,21,0,0,14,0,http://craigslist.org,craigslist.org,6.5,0,,10,2,0,10
3,40,10,23724,0,3.6666666666666665,1,0,15,0,0,8,0,http://sohu.com,sohu.com,3.5,0,,4,2,0,4
3,35,9,23724,0,3.0,1,0,13,0,0,6,0,http://360.cn,360.cn,2.5,0,,3,2,0,4
3,51,14,8137,0,3.0,1,0,13,0,0,6,0,http://go.com,go.com,2.5,0,,3,2,0,4
4,48,6,2818,0,2.75,2,0,16,0,0,9,0,http://bbc.co.uk,bbc.co.uk,2.3333333333333335,0,,3,3,0,4
3,64,51,39572,0,5.0,1,0,19,0,0,12,0,http://xhamster.com,xhamster.com,5.5,0,,8,2,0,8
3,50,62,25791,0,6.666666666666667,1,0,24,0,0,17,0,http://stackoverflow.com,stackoverflow.com,8.0,0,,13,2,0,13
4,69,1,15169,0,3.75,2,0,20,0,0,13,0,http://google.com.mx,google.com.mx,3.6666666666666665,0,,6,3,0,6
4,59,4,16509,0,3.5,2,0,19,0,0,12,0,http://amazon.co.jp,amazon.co.jp,3.3333333333333335,0,,6,3,0,6
3,53,20,5662,0,3.3333333333333335,1,0,14,0,0,7,0,http://cnn.com,cnn.com,3.0,0,,3,2,0,4
3,70,7,51006,0,4.333333333333333,1,0,17,0,0,10,0,http://neobux.com,neobux.com,4.5,0,,6,2,0,6
3,73,1,15169,0,4.0,1,0,16,0,0,9,0,http://google.ca,google.ca,4.0,0,,6,2,0,6
3,68,6,16509,0,3.3333333333333335,1,0,14,0,0,7,0,http://fc2.com,fc2.com,3.0,0,,3,2,0,4
3,77,27,13335,0,4.0,1,0,16,0,0,9,0,http://imgur.com,imgur.com,4.0,0,,5,2,0,5
3,65,17,23650,0,4.0,1,0,16,0,0,9,0,http://youku.com,youku.com,4.0,0,,5,2,0,5
3,71,59,13768,0,5.333333333333333,1,0,20,0,0,13,0,http://wordpress.org,wordpress.org,6.0,0,,9,2,0,9
3,57,112,11608,0,3.6666666666666665,1,0,15,0,0,8,0,http://vube.com,vube.com,3.5,0,,4,2,0,4
3,75,52,26101,0,4.333333333333333,1,0,17,0,0,10,0,http://flickr.com,flickr.com,4.5,0,,6,2,0,6
4,74,16,8137,0,3.25,2,0,18,0,0,11,0,http://espn.go.com,espn.go.com,3.0,0,,4,3,0,4
3,72,21,45102,0,4.666666666666667,1,0,18,0,0,11,0,http://alibaba.com,alibaba.com,5.0,0,,7,2,0,7
3,78,7,49988,0,6.333333333333333,1,0,23,0,0,16,0,http://odnoklassniki.ru,odnoklassniki.ru,7.5,0,,13,2,0,13
3,54,58,31377,0,4.666666666666667,1,0,18,0,0,11,0,http://conduit.com,conduit.com,5.0,0,,7,2,0,7
3,76,73,51040,0,6.0,1,0,22,0,0,15,0,http://thepiratebay.sx,thepiratebay.sx,7.0,0,,12,2,0,12
3,56,217,-1,0,5.0,1,0,19,0,0,12,0,http://akamaihd.net,akamaihd.net,5.5,0,,8,2,0,8
3,58,18,1668,0,7.0,1,0,25,0,0,18,0,http://huffingtonpost.com,huffingtonpost.com,8.5,0,,14,2,0,14
3,60,23,32244,0,4.333333333333333,1,0,17,0,0,10,0,http://adcash.com,adcash.com,4.5,0,,6,2,0,6
3,67,50,13414,0,2.3333333333333335,1,0,11,0,0,4,0,http://t.co,t.co,1.5,0,,2,2,0,4
3,84,5,16509,0,4.0,1,0,16,0,0,9,0,http://amazon.de,amazon.de,4.0,0,,6,2,0,6
4,100,1,15169,0,3.75,2,0,20,0,0,13,0,http://google.com.tr,google.com.tr,3.6666666666666665,0,,6,3,0,6
3,81,42,26496,0,4.666666666666667,1,0,18,0,0,11,0,http://godaddy.com,godaddy.com,5.0,0,,7,2,0,7
3,79,55,30361,0,4.666666666666667,1,0,18,0,0,11,0,http://pornhub.com,pornhub.com,5.0,0,,7,2,0,7
3,74,6,15169,0,4.666666666666667,1,0,18,0,0,11,0,http://blogspot.in,blogspot.in,5.0,0,,8,2,0,8
3,63,39,22780,0,4.0,1,0,16,0,0,9,0,http://about.com,about.com,4.0,0,,5,2,0,5
3,101,20,4808,0,3.3333333333333335,1,0,14,0,0,7,0,http://ku6.com,ku6.com,3.0,0,,3,2,0,4
3,110,6,11643,0,3.3333333333333335,1,0,14,0,0,7,0,http://ebay.de,ebay.de,3.0,0,,4,2,0,4
3,93,30,2516,0,4.333333333333333,1,0,17,0,0,10,0,http://reddit.com,reddit.com,4.5,0,,6,2,0,6
4,66,139,-1,0,4.25,2,0,22,0,0,15,0,http://bp.blogspot.com,bp.blogspot.com,4.333333333333333,0,,8,3,0,8
4,102,1,15169,0,3.75,2,0,20,0,0,13,0,http://google.com.au,google.com.au,3.6666666666666665,0,,6,3,0,6
3,61,43,1313,0,4.0,1,0,16,0,0,9,0,http://adobe.com,adobe.com,4.0,0,,5,2,0,5
4,90,5,7162,0,3.0,2,0,17,0,0,10,0,http://uol.com.br,uol.com.br,2.6666666666666665,0,,3,3,0,4
3,114,1,15169,0,4.0,1,0,16,0,0,9,0,http://google.pl,google.pl,4.0,0,,6,2,0,6
4,125,5,11643,0,3.0,2,0,17,0,0,10,0,http://ebay.co.uk,ebay.co.uk,2.6666666666666665,0,,4,3,0,4
3,95,26,55095,0,4.666666666666667,1,0,18,0,0,11,0,http://netflix.com,netflix.com,5.0,0,,7,2,0,7
3,88,179,41690,0,6.0,1,0,22,0,0,15,0,http://dailymotion.com,dailymotion.com,7.0,0,,11,2,0,11
3,80,45,6623,0,3.6666666666666665,1,0,15,0,0,8,0,http://cnet.com,cnet.com,3.5,0,,4,2,0,4
4,97,110,-1,0,4.5,1,0,23,0,0,16,0,http://delta-search.com,delta-search.com,4.666666666666667,0,,6,3,0,6
4,82,70,12789,0,4.25,2,0,22,0,0,15,0,http://dailymail.co.uk,dailymail.co.uk,4.333333333333333,0,,9,3,0,9
4,123,7,23820,0,3.75,2,0,20,0,0,13,0,http://rakuten.co.jp,rakuten.co.jp,3.6666666666666665,0,,7,3,0,7
3,107,47,45102,0,5.666666666666667,1,0,21,0,0,14,0,http://aliexpress.com,aliexpress.com,6.5,0,,10,2,0,10
3,104,28,1668,0,3.3333333333333335,1,0,14,0,0,7,0,http://aol.com,aol.com,3.0,0,,3,2,0,4
3,163985,25783,17820,0,3.3333333333333335,1,0,14,0,0,7,0,http://dce.edu,dce.edu,3.0,0,,3,2,0,4
3,1,1,15169,0,4.333333333333333,1,0,17,0,0,10,0,http://google.com,google.com,4.5,0,,6,2,0,6
15,50,62,25791,0,4.733333333333333,1,0,87,4.25,0,17,0,http://stackoverflow.com/questions/8551735/how-do-i-run-python-code-from-sublime-text-2,stackoverflow.com,8.0,12,/questions/8551735/how-do-i-run-python-code-from-sublime-text-2,13,2,9,13
12,-1,-1,-1,2,9.75,9,1,131,2.0,0,120,1,http://paypal.com.webscr.cmd.login.submit.dispatch.5885d80a13c0db1f8e263663d3faee8db2b24f7b84f1819343fd6c338b1d9d.222studio.com/UK/,paypal.com.webscr.cmd.login.submit.dispatch.5885d80a13c0db1f8e263663d3faee8db2b24f7b84f1819343fd6c338b1d9d.222studio.com,11.1,1,/UK/,62,10,2,62
7,-1,-1,-1,1,6.285714285714286,1,1,53,9.5,0,24,1,http://paypal-manager-login.net/konflikt/66211165125/,paypal-manager-login.net,5.25,2,/konflikt/66211165125/,7,4,11,11
7,-1,-1,-1,0,6.571428571428571,1,1,55,9.5,0,26,1,http://paypal-manager-loesung.net/konflikt/66211165125/,paypal-manager-loesung.net,5.75,2,/konflikt/66211165125/,7,4,11,11
7,-1,-1,-1,1,6.571428571428571,1,1,55,9.5,0,26,0,http://paypal-manager-account.net/konflikt/66211165125/,paypal-manager-account.net,5.75,2,/konflikt/66211165125/,7,4,11,11
10,-1,-1,-1,1,5.6,3,1,67,6.5,0,30,0,http://www.paypal-manager-account.net/konflikt/6222649185/index.php,www.paypal-manager-account.net,5.2,4,/konflikt/6222649185/index.php,7,5,10,10
10,-1,-1,-1,1,5.5,3,1,66,6.75,0,28,1,http://www.paypal-manager-login.net/konflikt/79235228200/index.php,www.paypal-manager-login.net,4.8,4,/konflikt/79235228200/index.php,7,5,11,11
8,-1,-1,-1,0,4.25,5,1,44,4.5,0,25,1,http://paypal.com.laveaki.com.br/PayPal.com/,paypal.com.laveaki.com.br,4.2,2,/PayPal.com/,7,5,6,7
26,-1,-1,-1,1,9.73076923076923,13,1,281,4.714285714285714,0,149,1,http://paypal.com.client.identifiant.compte.clefs.informations.upgarde.mon.compte.personnel.ghs56hge556rg4h6qe4th654f84e84r8e.hopitalveterinairedrummond.com/a/payp/Updateto0/index/web/paypal/login/?cmd=_home&dispatch=a430fedacc1fa4f0b709f55224ba5c0ea430fedacc1fa4f0b709f55224ba5c0e,paypal.com.client.identifiant.compte.clefs.informations.upgarde.mon.compte.personnel.ghs56hge556rg4h6qe4th654f84e84r8e.hopitalveterinairedrummond.com,9.714285714285714,7,/a/payp/Updateto0/index/web/paypal/login/,33,14,9,64
6,-1,-1,32613,0,4.333333333333333,2,1,33,4.0,0,11,1,http://msd2003.com/rche/index.htm,msd2003.com,5.0,3,/rche/index.htm,7,2,5,7
9,-1,-1,-1,0,5.888888888888889,2,1,63,6.5,0,26,1,http://paypal-manager-loesung.net/konflikt/6624985147/index.php,paypal-manager-loesung.net,5.75,4,/konflikt/6624985147/index.php,7,4,10,10
10,-1,-1,16509,0,5.1,3,1,62,5.666666666666667,0,15,1,http://eadideal.com.br/conteudos/material/66/Netzro-Login.html,eadideal.com.br,4.333333333333333,6,/conteudos/material/66/Netzro-Login.html,8,3,9,9
12,-1,-1,10297,0,7.5,1,1,104,4.0,0,9,1,http://tahmid.ir/user/?cmd=_home&amp;dispatch=5885d80a13c0db1f8e&amp;ee=669498ee5d0b4b381fd2bb1cceb52112,tahmid.ir,4.0,1,/user/,6,2,4,32
14,-1,-1,46475,0,6.071428571428571,10,1,100,7.666666666666667,1,15,1,http://208.115.247.198/paypal.com.au.434324.fdsfsd32423423.fadfafas.3423423432fsfdafsdfsd/index1.php,208.115.247.198,3.0,9,/paypal.com.au.434324.fdsfsd32423423.fadfafas.3423423432fsfdafsdfsd/index1.php,3,4,21,21
13,-1,-1,-1,0,5.6923076923076925,3,1,89,6.25,0,30,1,http://www.paypal-manager-service.net/konflikt/785549116/index.php?webapps=/mpp/verkaufen,www.paypal-manager-service.net,5.2,4,/konflikt/785549116/index.php,7,5,9,9
8,22858240,-1,13354,0,9.5,3,1,85,12.25,0,25,1,http://www.nervemobilization.com/update/06bb5b5bd8b1be54b78648f4993a1de1/protect.html,www.nervemobilization.com,7.666666666666667,4,/update/06bb5b5bd8b1be54b78648f4993a1de1/protect.html,17,3,32,32
8,22858240,-1,13354,0,9.5,3,1,85,12.25,0,25,1,http://www.nervemobilization.com/update/15f58e7e4a736e2cd442b733e8755716/protect.html,www.nervemobilization.com,7.666666666666667,4,/update/15f58e7e4a736e2cd442b733e8755716/protect.html,17,3,32,32
8,4771855,-1,8342,0,5.75,2,1,55,5.8,0,14,1,http://sionaviatur.ru/wp-includes/syystemyj/index50.htm,sionaviatur.ru,6.5,5,/wp-includes/syystemyj/index50.htm,11,2,9,11
8,-1,-1,46475,0,3.375,4,1,36,3.6666666666666665,1,15,1,http://208.115.247.197/au/index1.php,208.115.247.197,3.0,3,/au/index1.php,3,4,6,6
12,4661001,-1,18747,1,4.916666666666667,5,1,72,5.555555555555555,0,6,1,http://toc.cl/wp-admin/www.sparkasse.de/online-banking.aktualisieren.htm,toc.cl,2.5,9,/wp-admin/www.sparkasse.de/online-banking.aktualisieren.htm,3,2,13,13
11,8441200,-1,32392,0,4.818181818181818,4,1,65,4.5,0,14,1,http://paristokyo.biz/trouvay-cauvin.co.uk/includes/AOL/index.php,paristokyo.biz,6.5,8,/trouvay-cauvin.co.uk/includes/AOL/index.php,10,2,8,10
9,4137423,-1,16626,0,5.444444444444445,3,1,59,4.666666666666667,0,18,0,http://fenixexpressgc.com/cooljoe/CLICK/CLICK/index.php.htm,fenixexpressgc.com,8.5,6,/cooljoe/CLICK/CLICK/index.php.htm,14,2,7,14
14,1270769,82823,11042,1,5.071428571428571,3,1,86,4.909090909090909,0,14,1,http://arbiitours.com/wp-content/plugins/contact-form-777/images/online/login.jsp.html,arbiitours.com,6.5,11,/wp-content/plugins/contact-form-777/images/online/login.jsp.html,10,2,7,10
21,19447206,-1,46606,2,6.476190476190476,5,1,158,6.722222222222222,0,12,0,http://ruthdunn.org/paypal.co.uk.c17d1db50d22aa998bed4a8d7855d5fa03/ffd12b054185e4e1b246b1abc08efb1a/cgi-bin/en/account/login/index.php%5B%2A%2Aqmark%2A%2A%5D,ruthdunn.org,5.5,18,/paypal.co.uk.c17d1db50d22aa998bed4a8d7855d5fa03/ffd12b054185e4e1b246b1abc08efb1a/cgi-bin/en/account/login/index.php%5B%2A%2Aqmark%2A%2A%5D,8,2,34,34
4,14411102,-1,32244,0,7.25,1,1,35,3.0,0,23,1,http://civilwarvetswastate.com/gxy/,civilwarvetswastate.com,11.0,1,/gxy/,19,2,3,19
9,-1,-1,7162,0,3.6666666666666665,4,1,43,4.5,1,14,0,http://200.98.128.198/testax14/p/itant.html,200.98.128.198,2.75,4,/testax14/p/itant.html,3,4,8,8
8,2034,4203,-1,0,5.375,3,1,52,5.75,0,18,1,http://itau.servehttp.com/seguro/processo-adesao.php,itau.servehttp.com,5.333333333333333,4,/seguro/processo-adesao.php,9,3,8,9
6,966749,25428,8972,0,6.333333333333333,2,1,46,5.5,0,25,0,http://www.yenimodamodelleri.com/wp_log/Admin/,www.yenimodamodelleri.com,7.666666666666667,2,/wp_log/Admin/,17,3,6,17
8,2034,4203,-1,0,6.625,3,1,62,6.25,0,26,1,http://itauguardiao.servehttp.com/blindado/processo-adesao.php,itauguardiao.servehttp.com,8.0,4,/blindado/processo-adesao.php,12,3,8,12
9,15406665,-1,26496,0,5.555555555555555,3,1,61,6.4,0,16,0,http://www.terrario.org/libraries/jscrop/javascript/ver_2.25/,www.terrario.org,4.666666666666667,5,/libraries/jscrop/javascript/ver_2.25/,8,3,10,10
8,5036826,-1,18747,0,8.125,2,1,74,8.0,0,22,1,http://bomberospuertomontt.cl/modules/0299970236/24185239539553/index2.php,bomberospuertomontt.cl,10.5,5,/modules/0299970236/24185239539553/index2.php,19,2,14,19
7,-1,-1,44112,0,7.571428571428571,2,1,61,8.5,0,16,1,http://bitayamashina.ru/8411305558/349325931520424/index2.php,bitayamashina.ru,7.5,4,/8411305558/349325931520424/index2.php,13,2,15,15
11,473516,111203,7784,0,6.363636363636363,5,1,82,8.0,0,30,1,http://ba.dabed1.client.atlantech.net/modules/9065527929/24185239539553/index2.php,ba.dabed1.client.atlantech.net,5.2,5,/modules/9065527929/24185239539553/index2.php,9,5,14,14
16,-1,-1,-1,2,7.75,11,1,142,6.666666666666667,0,111,1,http://us.payment.playpal.com.websrc.cmd.8d84f4d5s4f555sd4f8s54f5s48s8s8s5d4f.login.account.554f8sd8sd8.legacyfive.biz/verification/Comp/Comp/,us.payment.playpal.com.websrc.cmd.8d84f4d5s4f555sd4f8s54f5s48s8s8s5d4f.login.account.554f8sd8sd8.legacyfive.biz,8.333333333333334,3,/verification/Comp/Comp/,36,12,12,36
20,-1,-1,-1,2,8.65,11,1,195,9.857142857142858,0,111,1,http://us.payment.playpal.com.websrc.cmd.8d84f4d5s4f555sd4f8s54f5s48s8s8s5d4f.login.account.554f8sd8sd8.legacyfive.biz/verification/Comp/Comp/8d0b3059023634d5c323eaffc9db6531/Login/advencev/Done/,us.payment.playpal.com.websrc.cmd.8d84f4d5s4f555sd4f8s54f5s48s8s8s5d4f.login.account.554f8sd8sd8.legacyfive.biz,8.333333333333334,7,/verification/Comp/Comp/8d0b3059023634d5c323eaffc9db6531/Login/advencev/Done/,36,12,32,36
8,-1,-1,46606,0,7.75,2,1,71,8.2,0,18,1,http://cookieskeywest.com/modules/8218395246/105328892193242/index2.php,cookieskeywest.com,8.5,5,/modules/8218395246/105328892193242/index2.php,14,2,15,15
20,-1,-1,-1,2,8.65,11,1,195,9.857142857142858,0,111,1,http://us.payment.playpal.com.websrc.cmd.8d84f4d5s4f555sd4f8s54f5s48s8s8s5d4f.login.account.554f8sd8sd8.legacyfive.biz/verification/Comp/Comp/913b469b02247c99ce34cfeea078551a/Login/advencev/Done/,us.payment.playpal.com.websrc.cmd.8d84f4d5s4f555sd4f8s54f5s48s8s8s5d4f.login.account.554f8sd8sd8.legacyfive.biz,8.333333333333334,7,/verification/Comp/Comp/913b469b02247c99ce34cfeea078551a/Login/advencev/Done/,36,12,32,36
8,5036826,-1,18747,0,8.25,2,1,75,8.2,0,22,1,http://bomberospuertomontt.cl/modules/0299970236/105328892193242/index2.php,bomberospuertomontt.cl,10.5,5,/modules/0299970236/105328892193242/index2.php,19,2,15,19
8,-1,-1,26347,0,7.375,2,1,68,8.2,0,15,1,http://bolanfamily.com/modules/5202682656/105328892193242/index2.php,bolanfamily.com,7.0,5,/modules/5202682656/105328892193242/index2.php,11,2,15,15
11,9430052,-1,26496,0,14.0,1,1,167,16.75,0,17,1,http://ecocareonline.com/wp-content/themes/Paypal_Virefication/1d7be49f438450a45004dde3aa2fad9f/new1/ad8354d87a30ca581c0d39c8c99eda42/57a1551914f64a14939a926f47f815c5/,ecocareonline.com,8.0,8,/wp-content/themes/Paypal_Virefication/1d7be49f438450a45004dde3aa2fad9f/new1/ad8354d87a30ca581c0d39c8c99eda42/57a1551914f64a14939a926f47f815c5/,13,2,32,32
9,-1,-1,15967,0,6.444444444444445,2,1,68,8.0,0,16,1,http://ans-electric.com/modules/4630490953/24185239539553/index2.php,ans-electric.com,4.666666666666667,5,/modules/4630490953/24185239539553/index2.php,8,3,14,14
10,-1,-1,32392,0,5.6,4,1,67,8.2,1,14,1,http://98.130.167.189/modules/6721286628/349325931520424/index2.php,98.130.167.189,2.75,5,/modules/6721286628/349325931520424/index2.php,3,4,15,15
8,-1,-1,15817,0,7.125,2,1,66,8.6,0,11,1,http://fiegerl.com/components/6591932935/24185239539553/index2.php,fiegerl.com,5.0,5,/components/6591932935/24185239539553/index2.php,7,2,14,14
12,-1,-1,262421,0,10.666666666666666,4,1,142,5.5,0,27,1,http://www.eletrorenovadora.com.br/pages/ativacao/webppr/pps8/index2.html?=585d80a13c1f8e263663dd3faee8d35d0e363192f28ea2a5d35d0e363192f28d1bf,www.eletrorenovadora.com.br,6.0,6,/pages/ativacao/webppr/pps8/index2.html,16,4,8,67
9,2815876,-1,30496,0,7.111111111111111,4,1,74,6.8,0,28,1,http://www.docentesentrerrianos.com/coldwellbanker.com/googledoc/index.htm,www.docentesentrerrianos.com,8.666666666666666,5,/coldwellbanker.com/googledoc/index.htm,20,3,14,20
6,-1,-1,13237,0,7.833333333333333,1,1,55,7.666666666666667,0,21,1,http://tierehelfenkindern.de/verification/id=786033625/,tierehelfenkindern.de,10.0,3,/verification/id=786033625/,18,2,12,18
3,-1,-1,13237,0,8.0,1,1,28,0,0,21,1,http://tierehelfenkindern.de,tierehelfenkindern.de,10.0,0,,18,2,0,18
10,12744493,-1,43391,1,6.4,5,1,75,6.0,0,40,1,http://secure.googledrive.com.iphoneturkish.com/new/Googledocs%20Secure.htm,secure.googledrive.com.iphoneturkish.com,7.2,4,/new/Googledocs%20Secure.htm,13,5,10,13
9,12744493,-1,43391,1,5.888888888888889,5,1,63,4.333333333333333,0,40,0,http://secure.googledrive.com.iphoneturkish.com/sec/easyweb.htm,secure.googledrive.com.iphoneturkish.com,7.2,3,/sec/easyweb.htm,13,5,7,13
8,-1,-1,13237,0,5.875,1,1,57,7.666666666666667,0,23,1,http://tiere-helfen-kindern.de/verification/id=265455776/,tiere-helfen-kindern.de,5.0,3,/verification/id=265455776/,7,4,12,12
3,142,11,17707,0,5.0,1,0,19,0,0,12,0,http://livedoor.com,livedoor.com,5.5,0,,8,2,0,8
4,172,3,15169,0,3.75,2,0,20,0,0,13,0,http://google.com.tw,google.com.tw,3.6666666666666665,0,,6,3,0,6
3,167,40,-1,0,7.333333333333333,1,0,26,0,0,19,0,http://bannersdontwork.com,bannersdontwork.com,9.0,0,,15,2,0,15
3,169,49,53922,0,6.0,1,0,22,0,0,15,0,http://stumbleupon.com,stumbleupon.com,7.0,0,,11,2,0,11
3,127,16,35825,0,6.0,1,0,22,0,0,15,0,http://theguardian.com,theguardian.com,7.0,0,,11,2,0,11
3,124,347,46179,0,5.333333333333333,1,0,20,0,0,13,0,http://mediafire.com,mediafire.com,6.0,0,,9,2,0,9
3,150,2,174,0,4.333333333333333,1,0,17,0,0,10,0,http://blogfa.com,blogfa.com,4.5,0,,6,2,0,6
4,182,2,15169,0,3.5,2,0,19,0,0,12,0,http://google.co.th,google.co.th,3.3333333333333335,0,,6,3,0,6
3,161,43,32489,0,4.666666666666667,1,0,18,0,0,11,0,http://torrentz.eu,torrentz.eu,5.0,0,,8,2,0,8
3,136,38,20940,0,4.666666666666667,1,0,18,0,0,11,0,http://foxnews.com,foxnews.com,5.0,0,,7,2,0,7
3,111,165,53371,0,4.666666666666667,1,0,18,0,0,11,0,http://mozilla.org,mozilla.org,5.0,0,,7,2,0,7
3,213,34,4808,0,4.0,1,0,16,0,0,9,0,http://pcpop.com,pcpop.com,4.0,0,,5,2,0,5
3,143,198,46989,0,5.333333333333333,1,0,20,0,0,13,0,http://w3schools.com,w3schools.com,6.0,0,,9,2,0,9
3,162,32,40824,0,4.666666666666667,1,0,18,0,0,11,0,http://4shared.com,4shared.com,5.0,0,,7,2,0,7
3,148,79,4264,0,4.333333333333333,1,0,17,0,0,10,0,http://forbes.com,forbes.com,4.5,0,,6,2,0,6
4,135,16,37958,0,3.75,2,0,20,0,0,13,0,http://people.com.cn,people.com.cn,3.6666666666666665,0,,6,3,0,6
3,160,161,18837,0,4.666666666666667,1,0,18,0,0,11,0,http://addthis.com,addthis.com,5.0,0,,7,2,0,7
4,190,1,15169,0,3.5,2,0,19,0,0,12,0,http://google.co.za,google.co.za,3.3333333333333335,0,,6,3,0,6
4,120,175,38895,0,4.5,2,0,23,0,0,16,0,http://media.tumblr.com,media.tumblr.com,4.666666666666667,0,,6,3,0,6
4,230,45,4808,0,3.0,2,0,17,0,0,10,0,http://jrj.com.cn,jrj.com.cn,2.6666666666666665,0,,3,3,0,4
3,183,173,7941,0,4.666666666666667,1,0,18,0,0,11,0,http://archive.org,archive.org,5.0,0,,7,2,0,7
3,179,107,36351,0,5.333333333333333,1,0,20,0,0,13,0,http://hostgator.com,hostgator.com,6.0,0,,9,2,0,9
3,138,251,3561,0,6.0,1,0,22,0,0,15,0,http://sourceforge.net,sourceforge.net,7.0,0,,11,2,0,11
3,249,54,4134,0,5.0,1,0,19,0,0,12,0,http://lady8844.com,lady8844.com,5.5,0,,8,2,0,8
3,200,50,12678,0,4.0,1,0,16,0,0,9,0,http://badoo.com,badoo.com,4.0,0,,5,2,0,5
3,192,10,39134,0,6.0,1,0,22,0,0,15,0,http://liveinternet.ru,liveinternet.ru,7.0,0,,12,2,0,12
3,115,104,27357,0,4.666666666666667,1,0,18,0,0,11,0,http://wikihow.com,wikihow.com,5.0,0,,7,2,0,7
3,194,34,10794,0,6.666666666666667,1,0,24,0,0,17,0,http://bankofamerica.com,bankofamerica.com,8.0,0,,13,2,0,13
4,116,163,13768,0,5.25,2,0,26,0,0,19,0,http://files.wordpress.com,files.wordpress.com,5.666666666666667,0,,9,3,0,9
3,195,10,9752,0,5.0,1,0,19,0,0,12,0,http://flipkart.com,flipkart.com,5.5,0,,8,2,0,8
3,187,134,29761,0,6.0,1,0,22,0,0,15,0,http://statcounter.com,statcounter.com,7.0,0,,11,2,0,11
3,283,74,23724,0,4.333333333333333,1,0,17,0,0,10,0,http://renren.com,renren.com,4.5,0,,6,2,0,6
3,205,8,6805,0,4.333333333333333,1,0,17,0,0,10,0,http://spiegel.de,spiegel.de,4.5,0,,7,2,0,7
4,191,6,15169,0,3.5,2,0,19,0,0,12,0,http://google.co.id,google.co.id,3.3333333333333335,0,,6,3,0,6
3,261,61,14340,0,5.666666666666667,1,0,21,0,0,14,0,http://salesforce.com,salesforce.com,6.5,0,,10,2,0,10
3,199,37,7743,0,4.0,1,0,16,0,0,9,0,http://chase.com,chase.com,4.0,0,,5,2,0,5
3,186,119,36351,0,6.333333333333333,1,0,23,0,0,16,0,http://warriorforum.com,warriorforum.com,7.5,0,,12,2,0,12
3,145,64,14618,0,5.0,1,0,19,0,0,12,0,http://buzzfeed.com,buzzfeed.com,5.5,0,,8,2,0,8
3,204,22,9308,0,3.0,1,0,13,0,0,6,0,http://jd.com,jd.com,2.5,0,,3,2,0,4
3,178,86,16798,0,5.333333333333333,1,0,20,0,0,13,0,http://reference.com,reference.com,6.0,0,,9,2,0,9
3,175,51,58431,0,4.333333333333333,1,0,17,0,0,10,0,http://bet365.com,bet365.com,4.5,0,,6,2,0,6
3,181,191,30361,0,4.0,1,0,16,0,0,9,0,http://tube8.com,tube8.com,4.0,0,,5,2,0,5
3,189,309,14829,0,6.0,1,0,22,0,0,15,0,http://mywebsearch.com,mywebsearch.com,7.0,0,,11,2,0,11
3,165,63,3561,0,3.6666666666666665,1,0,15,0,0,8,0,http://zedo.com,zedo.com,3.5,0,,4,2,0,4
4,240,1,15169,0,3.75,2,0,20,0,0,13,0,http://google.com.co,google.com.co,3.6666666666666665,0,,6,3,0,6
3,176,140,197157,0,5.666666666666667,1,0,21,0,0,14,0,http://soundcloud.com,soundcloud.com,6.5,0,,10,2,0,10
3,284,69,4808,0,3.6666666666666665,1,0,15,0,0,8,0,http://beva.com,beva.com,3.5,0,,4,2,0,4
3,214,78,36351,0,4.333333333333333,1,0,17,0,0,10,0,http://indeed.com,indeed.com,4.5,0,,6,2,0,6
3,251,1,15169,0,4.0,1,0,16,0,0,9,0,http://google.gr,google.gr,4.0,0,,6,2,0,6
3,146,773,36351,0,4.333333333333333,1,0,17,0,0,10,0,http://clkmon.com,clkmon.com,4.5,0,,6,2,0,6
3,155,123,51773,0,5.0,1,0,19,0,0,12,0,http://softonic.com,softonic.com,5.5,0,,8,2,0,8
4,253,1,15169,0,3.75,2,0,20,0,0,13,0,http://google.com.vn,google.com.vn,3.6666666666666665,0,,6,3,0,6
3,233,67,20940,0,3.3333333333333335,1,0,14,0,0,7,0,http://nfl.com,nfl.com,3.0,0,,3,2,0,4
3,245,129,36351,0,5.333333333333333,1,0,20,0,0,13,0,http://mailchimp.com,mailchimp.com,6.0,0,,9,2,0,9
3,287,5,42656,0,4.333333333333333,1,0,17,0,0,10,0,http://allegro.pl,allegro.pl,4.5,0,,7,2,0,7
3,235,48,14618,0,4.0,1,0,16,0,0,9,0,http://qtrax.com,qtrax.com,4.0,0,,5,2,0,5
3,207,121,32286,0,6.0,1,0,22,0,0,15,0,http://tripadvisor.com,tripadvisor.com,7.0,0,,11,2,0,11
3,211,131,14173,0,6.0,1,0,22,0,0,15,0,http://photobucket.com,photobucket.com,7.0,0,,11,2,0,11
3,263,1,15169,0,4.0,1,0,16,0,0,9,0,http://google.be,google.be,4.0,0,,6,2,0,6
3,164,151,20940,0,5.0,1,0,19,0,0,12,0,http://mashable.com,mashable.com,5.5,0,,8,2,0,8
3,180,295,198097,0,4.0,1,0,16,0,0,9,0,http://skype.com,skype.com,4.0,0,,5,2,0,5
3,177,24,17374,0,4.666666666666667,1,0,18,0,0,11,0,http://walmart.com,walmart.com,5.0,0,,7,2,0,7
3,241,37,4808,0,3.6666666666666665,1,0,15,0,0,8,0,http://xyxy.net,xyxy.net,3.5,0,,4,2,0,4
3,171,60,7922,0,4.666666666666667,1,0,18,0,0,11,0,http://nbcnews.com,nbcnews.com,5.0,0,,7,2,0,7
4,325,6,9924,0,3.5,2,0,19,0,0,12,0,http://gamer.com.tw,gamer.com.tw,3.3333333333333335,0,,5,3,0,5
4,267,1,15169,0,3.75,2,0,20,0,0,13,0,http://google.com.ua,google.com.ua,3.6666666666666665,0,,6,3,0,6
3,206,12,10481,0,4.666666666666667,1,0,18,0,0,11,0,http://taringa.net,taringa.net,5.0,0,,7,2,0,7
3,273,137,14618,0,7.0,1,0,25,0,0,18,0,http://empowernetwork.com,empowernetwork.com,8.5,0,,14,2,0,14
3,217,10,8220,0,3.3333333333333335,1,0,14,0,0,7,0,http://bild.de,bild.de,3.0,0,,4,2,0,4
3,220,259,36459,0,4.333333333333333,1,0,17,0,0,10,0,http://github.com,github.com,4.5,0,,6,2,0,6
3,163,177,14361,0,8.0,1,0,28,0,0,21,0,http://thefreedictionary.com,thefreedictionary.com,10.0,0,,17,2,0,17
3,222,40,12993,0,3.0,1,0,13,0,0,6,0,http://ask.fm,ask.fm,2.5,0,,3,2,0,4
4,234,1,15169,0,3.5,2,0,19,0,0,12,0,http://google.co.ve,google.co.ve,3.3333333333333335,0,,6,3,0,6
3,271,6,12990,0,3.3333333333333335,1,0,14,0,0,7,0,http://onet.pl,onet.pl,3.0,0,,4,2,0,4
3,335,7,49763,0,5.0,1,0,19,0,0,12,0,http://leboncoin.fr,leboncoin.fr,5.5,0,,9,2,0,9
4,266,2,15169,0,3.75,2,0,20,0,0,13,0,http://google.com.ng,google.com.ng,3.6666666666666665,0,,6,3,0,6
3,243,273,36752,0,6.333333333333333,1,0,23,0,0,16,0,http://yieldmanager.com,yieldmanager.com,7.5,0,,12,2,0,12
3,295,12,2510,0,5.0,1,0,19,0,0,12,0,http://nicovideo.jp,nicovideo.jp,5.5,0,,9,2,0,9
4,364,280,4134,0,4.25,2,0,22,0,0,15,0,http://pconline.com.cn,pconline.com.cn,4.333333333333333,0,,8,3,0,8
3,218,21,16552,0,6.666666666666667,1,0,24,0,0,17,0,http://wordreference.com,wordreference.com,8.0,0,,13,2,0,13
3,210,556,6939,0,3.3333333333333335,1,0,14,0,0,7,0,http://php.net,php.net,3.0,0,,3,2,0,4
4,193,255,20940,0,4.25,2,0,22,0,0,15,0,http://telegraph.co.uk,telegraph.co.uk,4.333333333333333,0,,9,3,0,9
3,250,49,10837,0,5.666666666666667,1,0,21,0,0,14,0,http://wellsfargo.com,wellsfargo.com,6.5,0,,10,2,0,10
3,203,96,10753,0,5.0,1,0,19,0,0,12,0,http://uploaded.net,uploaded.net,5.5,0,,8,2,0,8
3,185,89,7105,0,3.3333333333333335,1,0,14,0,0,7,0,http://wsj.com,wsj.com,3.0,0,,3,2,0,4
3,188,71,21735,0,5.0,1,0,19,0,0,12,0,http://usatoday.com,usatoday.com,5.5,0,,8,2,0,8
3,209,53,40428,0,4.666666666666667,1,0,18,0,0,11,0,http://pandora.com,pandora.com,5.0,0,,7,2,0,7
4,198,13,2914,0,2.75,2,0,16,0,0,9,0,http://goo.ne.jp,goo.ne.jp,2.3333333333333335,0,,3,3,0,4
3,298,236,12008,0,6.333333333333333,1,0,23,0,0,16,0,http://shutterstock.com,shutterstock.com,7.5,0,,12,2,0,12
4,420,306,4134,0,3.75,2,0,20,0,0,13,0,http://pclady.com.cn,pclady.com.cn,3.6666666666666665,0,,6,3,0,6
3,259,54,7922,0,4.666666666666667,1,0,18,0,0,11,0,http://comcast.net,comcast.net,5.0,0,,7,2,0,7
3,170,117,32526,0,4.666666666666667,1,0,18,0,0,11,0,http://answers.com,answers.com,5.0,0,,7,2,0,7
4,305,2,15169,0,3.75,2,0,20,0,0,13,0,http://google.com.ph,google.com.ph,3.6666666666666665,0,,6,3,0,6
3,260,8,16509,0,4.0,1,0,16,0,0,9,0,http://amazon.fr,amazon.fr,4.0,0,,6,2,0,6
3,292,1,15169,0,4.0,1,0,16,0,0,9,0,http://google.se,google.se,4.0,0,,6,2,0,6
3,278,14,47105,0,5.333333333333333,1,0,20,0,0,13,0,http://rutracker.org,rutracker.org,6.0,0,,9,2,0,9
3,152,31,15169,0,4.0,1,0,16,0,0,9,0,http://google.cn,google.cn,4.0,0,,6,2,0,6
3,395,41,16509,0,3.6666666666666665,1,0,15,0,0,8,0,http://aili.com,aili.com,3.5,0,,4,2,0,4
3,196,81,13827,0,7.0,1,0,25,0,0,18,0,http://washingtonpost.com,washingtonpost.com,8.5,0,,14,2,0,14
3,312,1,15169,0,4.0,1,0,16,0,0,9,0,http://google.ro,google.ro,4.0,0,,6,2,0,6
3,318,294,26134,0,3.6666666666666665,1,0,15,0,0,8,0,http://ikea.com,ikea.com,3.5,0,,4,2,0,4
3,418,2273,8473,0,5.666666666666667,1,0,21,0,0,14,0,http://wigetmedia.com,wigetmedia.com,6.5,0,,10,2,0,10
3,310,57,18888,0,4.333333333333333,1,0,17,0,0,10,0,http://zillow.com,zillow.com,4.5,0,,6,2,0,6
3,215,197,27647,0,4.333333333333333,1,0,17,0,0,10,0,http://weebly.com,weebly.com,4.5,0,,6,2,0,6
3,229,463,6619,0,4.666666666666667,1,0,18,0,0,11,0,http://samsung.com,samsung.com,5.0,0,,7,2,0,7
3,236,262,32400,0,3.3333333333333335,1,0,14,0,0,7,0,http://wix.com,wix.com,3.0,0,,3,2,0,4
3,252,3193,34221,0,3.3333333333333335,1,0,14,0,0,7,0,http://ucoz.ru,ucoz.ru,3.0,0,,4,2,0,4
3,277,13,24638,0,4.333333333333333,1,0,17,0,0,10,0,http://rambler.ru,rambler.ru,4.5,0,,7,2,0,7
3,228,14,38631,0,3.6666666666666665,1,0,15,0,0,8,0,http://naver.jp,naver.jp,3.5,0,,5,2,0,5
3,262,872,16509,0,3.6666666666666665,1,0,15,0,0,8,0,http://9gag.com,9gag.com,3.5,0,,4,2,0,4
3,168,105,36351,0,3.6666666666666665,1,0,15,0,0,8,0,http://qvo6.com,qvo6.com,3.5,0,,4,2,0,4
4,348,10,53387,0,5.25,2,0,26,0,0,19,0,http://mercadolivre.com.br,mercadolivre.com.br,5.666666666666667,0,,12,3,0,12
3,184,223,25791,0,6.666666666666667,1,0,24,0,0,17,0,http://stackexchange.com,stackexchange.com,8.0,0,,13,2,0,13
3,270,15,1273,0,4.333333333333333,1,0,17,0,0,10,0,http://rediff.com,rediff.com,4.5,0,,6,2,0,6
3,368,2,15169,0,4.0,1,0,16,0,0,9,0,http://google.dz,google.dz,4.0,0,,6,2,0,6
3,212,78,32475,0,4.333333333333333,1,0,17,0,0,10,0,http://popads.net,popads.net,4.5,0,,6,2,0,6
4,347,1,15169,0,3.75,2,0,20,0,0,13,0,http://google.com.pe,google.com.pe,3.6666666666666665,0,,6,3,0,6
3,197,120,21740,0,3.6666666666666665,1,0,15,0,0,8,0,http://ehow.com,ehow.com,3.5,0,,4,2,0,4
3,227,216,3561,0,4.666666666666667,1,0,18,0,0,11,0,http://reuters.com,reuters.com,5.0,0,,7,2,0,7
3,231,283,17025,0,3.3333333333333335,1,0,14,0,0,7,0,http://moz.com,moz.com,3.0,0,,3,2,0,4
3,288,12,8560,0,3.3333333333333335,1,0,14,0,0,7,0,http://gmx.net,gmx.net,3.0,0,,3,2,0,4
3,447,1768,43350,0,4.333333333333333,1,0,17,0,0,10,0,http://ilivid.com,ilivid.com,4.5,0,,6,2,0,6
3,316,48,9308,0,4.666666666666667,1,0,18,0,0,11,0,http://bitauto.com,bitauto.com,5.0,0,,7,2,0,7
3,265,126,26942,0,5.333333333333333,1,0,20,0,0,13,0,http://goodreads.com,goodreads.com,6.0,0,,9,2,0,9
4,349,2,15169,0,3.75,2,0,20,0,0,13,0,http://google.com.sg,google.com.sg,3.6666666666666665,0,,6,3,0,6
3,237,421,36351,0,4.333333333333333,1,0,17,0,0,10,0,http://scribd.com,scribd.com,4.5,0,,6,2,0,6
3,221,77,12217,0,3.3333333333333335,1,0,14,0,0,7,0,http://ups.com,ups.com,3.0,0,,3,2,0,4
3,334,1,15169,0,4.0,1,0,16,0,0,9,0,http://google.at,google.at,4.0,0,,6,2,0,6
3,379,80,38361,0,4.0,1,0,16,0,0,9,0,http://55bbs.com,55bbs.com,4.0,0,,5,2,0,5
4,371,7,132164,0,3.5,2,0,19,0,0,12,0,http://kaskus.co.id,kaskus.co.id,3.3333333333333335,0,,6,3,0,6
3,285,90,14618,0,7.0,1,0,25,0,0,18,0,http://bleacherreport.com,bleacherreport.com,8.5,0,,14,2,0,14
3,248,319,17318,0,6.0,1,0,22,0,0,15,0,http://domaintools.com,domaintools.com,7.0,0,,11,2,0,11
3,327,7,12827,0,2.6666666666666665,1,0,12,0,0,5,0,http://wp.pl,wp.pl,2.0,0,,2,2,0,4
4,173,268,46652,0,5.75,1,0,28,0,0,21,0,http://loading-delivery1.com,loading-delivery1.com,6.333333333333333,0,,9,3,0,9
3,357,1,15169,0,4.0,1,0,16,0,0,9,0,http://google.ch,google.ch,4.0,0,,6,2,0,6
3,268,11,12322,0,3.3333333333333335,1,0,14,0,0,7,0,http://free.fr,free.fr,3.0,0,,4,2,0,4
3,291,12,9052,0,4.0,1,0,16,0,0,9,0,http://marca.com,marca.com,4.0,0,,5,2,0,5
4,279,42,4808,0,4.0,2,0,21,0,0,14,0,http://caijing.com.cn,caijing.com.cn,4.0,0,,7,3,0,7
3,308,88,40444,0,7.333333333333333,1,0,26,0,0,19,0,http://constantcontact.com,constantcontact.com,9.0,0,,15,2,0,15
3,392,12,8523,0,3.6666666666666665,1,0,15,0,0,8,0,http://avito.ru,avito.ru,3.5,0,,5,2,0,5
3,219,113,14492,0,7.333333333333333,1,0,26,0,0,19,0,http://businessinsider.com,businessinsider.com,9.0,0,,15,2,0,15
3,201,14,8426,0,6.333333333333333,1,0,23,0,0,16,0,http://espncricinfo.com,espncricinfo.com,7.5,0,,12,2,0,12
3,303,36,4589,0,3.6666666666666665,1,0,15,0,0,8,0,http://goal.com,goal.com,3.5,0,,4,2,0,4
3,304,22,36351,0,4.666666666666667,1,0,18,0,0,11,0,http://histats.com,histats.com,5.0,0,,7,2,0,7
3,331,33,4847,0,4.333333333333333,1,0,17,0,0,10,0,http://douban.com,douban.com,4.5,0,,6,2,0,6
3,343,311,30361,0,4.666666666666667,1,0,18,0,0,11,0,http://youjizz.com,youjizz.com,5.0,0,,7,2,0,7
3,374,38,23844,0,4.333333333333333,1,0,17,0,0,10,0,http://hudong.com,hudong.com,4.5,0,,6,2,0,6
4,253,14,15169,0,4.0,2,0,21,0,0,14,0,http://blogspot.co.uk,blogspot.co.uk,4.0,0,,8,3,0,8
3,1025,4899,38957,0,6.333333333333333,1,0,23,0,0,16,0,http://extratorrent.com,extratorrent.com,7.5,0,,12,2,0,12
3,353,39,4134,0,3.0,1,0,13,0,0,6,0,http://56.com,56.com,2.5,0,,3,2,0,4
3,409,96,38361,0,5.0,1,0,19,0,0,12,0,http://onlylady.com,onlylady.com,5.5,0,,8,2,0,8
3,366,1,15169,0,4.0,1,0,16,0,0,9,0,http://google.cl,google.cl,4.0,0,,6,2,0,6
3,378,9,24211,0,4.0,1,0,16,0,0,9,0,http://detik.com,detik.com,4.0,0,,5,2,0,5
3,377,18,12008,0,3.0,1,0,13,0,0,6,0,http://olx.in,olx.in,2.5,0,,3,2,0,4
3,286,266,10782,0,3.0,1,0,13,0,0,6,0,http://hp.com,hp.com,2.5,0,,3,2,0,4
3,293,190,27437,0,3.3333333333333335,1,0,14,0,0,7,0,http://ign.com,ign.com,3.0,0,,3,2,0,4
3,351,461,19994,0,5.666666666666667,1,0,21,0,0,14,0,http://codecanyon.net,codecanyon.net,6.5,0,,10,2,0,10
3,328,214,36351,0,5.333333333333333,1,0,20,0,0,13,0,http://clickbank.com,clickbank.com,6.0,0,,9,2,0,9
3,281,419,5483,0,6.0,1,0,22,0,0,15,0,http://hardsextube.com,hardsextube.com,7.0,0,,11,2,0,11
4,332,15,38043,0,2.75,2,0,16,0,0,9,0,http://dmm.co.jp,dmm.co.jp,2.3333333333333335,0,,3,3,0,4
3,238,224,30060,0,4.0,1,0,16,0,0,9,0,http://bitly.com,bitly.com,4.0,0,,5,2,0,5
3,358,11,8560,0,3.0,1,0,13,0,0,6,0,http://web.de,web.de,2.5,0,,3,2,0,4
3,338,7,3242,0,4.0,1,0,16,0,0,9,0,http://libero.it,libero.it,4.0,0,,6,2,0,6
3,329,124,19994,0,6.333333333333333,1,0,23,0,0,16,0,http://infusionsoft.com,infusionsoft.com,7.5,0,,12,2,0,12
3,317,89,32475,0,5.0,1,0,19,0,0,12,0,http://gsmarena.com,gsmarena.com,5.5,0,,8,2,0,8
3,361,110,25751,0,3.0,1,0,13,0,0,6,0,http://cj.com,cj.com,2.5,0,,3,2,0,4
3,398,1,15169,0,4.0,1,0,16,0,0,9,0,http://google.pt,google.pt,4.0,0,,6,2,0,6
3,255,209,36351,0,4.333333333333333,1,0,17,0,0,10,0,http://disqus.com,disqus.com,4.5,0,,6,2,0,6
3,356,147,18657,0,4.333333333333333,1,0,17,0,0,10,0,http://meetup.com,meetup.com,4.5,0,,6,2,0,6
4,414,2,15169,0,3.75,2,0,20,0,0,13,0,http://google.com.bd,google.com.bd,3.6666666666666665,0,,6,3,0,6
4,768,208,17964,0,3.25,2,0,18,0,0,11,0,http://enet.com.cn,enet.com.cn,3.0,0,,4,3,0,4
3,299,75,5774,0,3.6666666666666665,1,0,15,0,0,8,0,http://usps.com,usps.com,3.5,0,,4,2,0,4
4,449,5,12978,0,4.25,2,0,22,0,0,15,0,http://hurriyet.com.tr,hurriyet.com.tr,4.333333333333333,0,,8,3,0,8
3,254,22,17439,0,3.0,1,0,13,0,0,6,0,http://in.com,in.com,2.5,0,,3,2,0,4
3,386,4,31549,0,5.0,1,0,19,0,0,12,0,http://varzesh3.com,varzesh3.com,5.5,0,,8,2,0,8
3,256,186,10361,0,5.333333333333333,1,0,20,0,0,13,0,http://bloomberg.com,bloomberg.com,6.0,0,,9,2,0,9
3,269,761,36323,0,5.333333333333333,1,0,20,0,0,13,0,http://imageshack.us,imageshack.us,6.0,0,,10,2,0,10
3,216,455,11608,0,7.666666666666667,1,0,27,0,0,20,0,http://thefreecamsecret.com,thefreecamsecret.com,9.5,0,,16,2,0,16
3,301,95,7726,0,4.0,1,0,16,0,0,9,0,http://fedex.com,fedex.com,4.0,0,,5,2,0,5
3,432,9,8891,0,4.0,1,0,16,0,0,9,0,http://orange.fr,orange.fr,4.0,0,,6,2,0,6
3,542,148,38361,0,4.333333333333333,1,0,17,0,0,10,0,http://pchome.net,pchome.net,4.5,0,,6,2,0,6
3,428,9,3462,0,5.0,1,0,19,0,0,12,0,http://mobile01.com,mobile01.com,5.5,0,,8,2,0,8
4,442,94,4134,0,3.0,2,0,17,0,0,10,0,http://voc.com.cn,voc.com.cn,2.6666666666666665,0,,3,3,0,4
3,326,13,50343,0,3.6666666666666665,1,0,15,0,0,8,0,http://xing.com,xing.com,3.5,0,,4,2,0,4
4,491,6,9121,0,4.25,2,0,22,0,0,15,0,http://milliyet.com.tr,milliyet.com.tr,4.333333333333333,0,,8,3,0,8
3,367,199,46606,0,5.0,1,0,19,0,0,12,0,http://bluehost.com,bluehost.com,5.5,0,,8,2,0,8
3,340,3,23576,0,4.0,1,0,16,0,0,9,0,http://naver.com,naver.com,4.0,0,,5,2,0,5
3,322,65,20940,0,3.6666666666666665,1,0,15,0,0,8,0,http://hulu.com,hulu.com,3.5,0,,4,2,0,4
3,276,363,7754,0,6.0,1,0,22,0,0,15,0,http://siteadvisor.com,siteadvisor.com,7.0,0,,11,2,0,11
3,307,31,17439,0,3.6666666666666665,1,0,15,0,0,8,0,http://ndtv.com,ndtv.com,3.5,0,,4,2,0,4
3,264,436,9009,0,5.333333333333333,1,0,20,0,0,13,0,http://putlocker.com,putlocker.com,6.0,0,,9,2,0,9
3,319,90,12188,0,3.0,1,0,13,0,0,6,0,http://xe.com,xe.com,2.5,0,,3,2,0,4
3,403,15,26228,0,4.333333333333333,1,0,17,0,0,10,0,http://kooora.com,kooora.com,4.5,0,,6,2,0,6
3,344,9,3313,0,5.333333333333333,1,0,20,0,0,13,0,http://repubblica.it,repubblica.it,6.0,0,,10,2,0,10
3,302,48,17052,0,4.333333333333333,1,0,17,0,0,10,0,http://target.com,target.com,4.5,0,,6,2,0,6
3,274,41,20940,0,4.666666666666667,1,0,18,0,0,11,0,http://bestbuy.com,bestbuy.com,5.0,0,,7,2,0,7
3,311,424,32421,0,5.333333333333333,1,0,20,0,0,13,0,http://linkbucks.com,linkbucks.com,6.0,0,,9,2,0,9
3,424,1,15169,0,4.0,1,0,16,0,0,9,0,http://google.cz,google.cz,4.0,0,,6,2,0,6
3,372,430,39572,0,3.6666666666666665,1,0,15,0,0,8,0,http://beeg.com,beeg.com,3.5,0,,4,2,0,4
3,416,256,13623,0,6.0,1,0,22,0,0,15,0,http://istockphoto.com,istockphoto.com,7.0,0,,11,2,0,11
3,202,92,14618,0,5.0,1,0,19,0,0,12,0,http://upworthy.com,upworthy.com,5.5,0,,8,2,0,8
3,296,193,3527,0,3.3333333333333335,1,0,14,0,0,7,0,http://nih.gov,nih.gov,3.0,0,,3,2,0,4
3,290,29,4134,0,4.333333333333333,1,0,17,0,0,10,0,http://chinaz.com,chinaz.com,4.5,0,,6,2,0,6
3,507,195,3356,0,5.666666666666667,1,0,21,0,0,14,0,http://motherless.com,motherless.com,6.5,0,,10,2,0,10
4,721,384,38361,0,3.0,2,0,17,0,0,10,0,http://zol.com.cn,zol.com.cn,2.6666666666666665,0,,3,3,0,4
3,444,23,11643,0,3.3333333333333335,1,0,14,0,0,7,0,http://ebay.in,ebay.in,3.0,0,,4,2,0,4
3,232,517,33517,0,5.333333333333333,1,0,20,0,0,13,0,http://speedtest.net,speedtest.net,6.0,0,,9,2,0,9
3,294,282,13768,0,5.666666666666667,1,0,21,0,0,14,0,http://techcrunch.com,techcrunch.com,6.5,0,,10,2,0,10
3,282,136,46244,0,4.0,1,0,16,0,0,9,0,http://webmd.com,webmd.com,4.0,0,,5,2,0,5
3,393,787,30496,0,4.333333333333333,1,0,17,0,0,10,0,http://joomla.org,joomla.org,4.5,0,,6,2,0,6
3,257,315,15169,0,6.0,1,0,22,0,0,15,0,http://doubleclick.com,doubleclick.com,7.0,0,,11,2,0,11
3,314,15,15169,0,4.666666666666667,1,0,18,0,0,11,0,http://blogspot.de,blogspot.de,5.0,0,,8,2,0,8
3,300,25,4134,0,4.0,1,0,16,0,0,9,0,http://tianya.cn,tianya.cn,4.0,0,,6,2,0,6
3,147,15,4808,0,5.333333333333333,1,0,20,0,0,13,0,http://xinhuanet.com,xinhuanet.com,6.0,0,,9,2,0,9
3,306,30,37963,0,3.6666666666666665,1,0,15,0,0,8,0,http://cnzz.com,cnzz.com,3.5,0,,4,2,0,4
3,486,8,11643,0,3.3333333333333335,1,0,14,0,0,7,0,http://ebay.it,ebay.it,3.0,0,,4,2,0,4
4,315,11,14618,0,2.75,2,0,16,0,0,9,0,http://ig.com.br,ig.com.br,2.3333333333333335,0,,3,3,0,4
3,323,13,50974,0,4.333333333333333,1,0,17,0,0,10,0,http://elpais.com,elpais.com,4.5,0,,6,2,0,6
3,339,100,6307,0,7.333333333333333,1,0,26,0,0,19,0,http://americanexpress.com,americanexpress.com,9.0,0,,15,2,0,15
3,559,118,54652,0,3.3333333333333335,1,0,14,0,0,7,0,http://pof.com,pof.com,3.0,0,,3,2,0,4
3,309,219,3,0,3.0,1,0,13,0,0,6,0,http://w3.org,w3.org,2.5,0,,3,2,0,4
3,333,188,12182,0,6.333333333333333,1,0,23,0,0,16,0,http://surveymonkey.com,surveymonkey.com,7.5,0,,12,2,0,12
3,485,370,3561,0,4.0,1,0,16,0,0,9,0,http://odesk.com,odesk.com,4.0,0,,5,2,0,5
3,313,265,16276,0,5.666666666666667,1,0,21,0,0,14,0,http://zippyshare.com,zippyshare.com,6.5,0,,10,2,0,10
3,242,253,558,0,4.333333333333333,1,0,17,0,0,10,0,http://4dsply.com,4dsply.com,4.5,0,,6,2,0,6
4,525,5,11643,0,3.25,2,0,18,0,0,11,0,http://ebay.com.au,ebay.com.au,3.0,0,,4,3,0,4
3,387,25,38895,0,5.0,1,0,19,0,0,12,0,http://snapdeal.com,snapdeal.com,5.5,0,,8,2,0,8
3,384,87,14618,0,4.0,1,0,16,0,0,9,0,http://quora.com,quora.com,4.0,0,,5,2,0,5
3,280,26,23724,0,3.0,1,0,13,0,0,6,0,http://so.com,so.com,2.5,0,,3,2,0,4
3,473,5,13238,0,4.0,1,0,16,0,0,9,0,http://yandex.ua,yandex.ua,4.0,0,,6,2,0,6
3,226,91,12188,0,4.0,1,0,16,0,0,9,0,http://optmd.com,optmd.com,4.0,0,,5,2,0,5
3,410,19,17439,0,4.0,1,0,16,0,0,9,0,http://quikr.com,quikr.com,4.0,0,,5,2,0,5
4,870,277,38361,0,3.25,2,0,18,0,0,11,0,http://xcar.com.cn,xcar.com.cn,3.0,0,,4,3,0,4
3,512,100,-1,0,4.666666666666667,1,0,18,0,0,11,0,http://workercn.cn,workercn.cn,5.0,0,,8,2,0,8
3,513,110,17623,0,3.3333333333333335,1,0,14,0,0,7,0,http://p5w.net,p5w.net,3.0,0,,3,2,0,4
3,481,82,4134,0,3.3333333333333335,1,0,14,0,0,7,0,http://jqw.com,jqw.com,3.0,0,,3,2,0,4
3,480,1,15169,0,4.0,1,0,16,0,0,9,0,http://google.no,google.no,4.0,0,,6,2,0,6
3,360,52,4808,0,4.0,1,0,16,0,0,9,0,http://tudou.com,tudou.com,4.0,0,,5,2,0,5
3,417,101,6641,0,5.333333333333333,1,0,20,0,0,13,0,http://cbssports.com,cbssports.com,6.0,0,,9,2,0,9
4,438,5,15169,0,3.75,2,0,20,0,0,13,0,http://google.com.my,google.com.my,3.6666666666666665,0,,6,3,0,6
3,244,264,6939,0,4.666666666666667,1,0,18,0,0,11,0,http://tinyurl.com,tinyurl.com,5.0,0,,7,2,0,7
3,324,141,16265,0,7.333333333333333,1,0,26,0,0,19,0,http://goodgamestudios.com,goodgamestudios.com,9.0,0,,15,2,0,15
3,224,87,26458,0,6.333333333333333,1,0,23,0,0,16,0,http://drudgereport.com,drudgereport.com,7.5,0,,12,2,0,12
3,258,329,6939,0,4.333333333333333,1,0,17,0,0,10,0,http://feedly.com,feedly.com,4.5,0,,6,2,0,6
3,346,76,16625,0,4.666666666666667,1,0,18,0,0,11,0,http://groupon.com,groupon.com,5.0,0,,7,2,0,7
4,499,1,15169,0,3.5,2,0,19,0,0,12,0,http://google.co.hu,google.co.hu,3.3333333333333335,0,,6,3,0,6
3,389,379,11854,0,3.6666666666666665,1,0,15,0,0,8,0,http://webs.com,webs.com,3.5,0,,4,2,0,4
3,247,30,48942,0,4.666666666666667,1,0,18,0,0,11,0,http://ad6media.fr,ad6media.fr,5.0,0,,8,2,0,8
3,441,533,24482,0,4.0,1,0,16,0,0,9,0,http://123rf.com,123rf.com,4.0,0,,5,2,0,5
3,484,1,15169,0,4.0,1,0,16,0,0,9,0,http://google.ae,google.ae,4.0,0,,6,2,0,6
3,388,21,15756,0,5.0,1,0,19,0,0,12,0,http://habrahabr.ru,habrahabr.ru,5.5,0,,9,2,0,9
3,459,99,797,0,3.3333333333333335,1,0,14,0,0,7,0,http://att.com,att.com,3.0,0,,3,2,0,4
3,396,222,46489,0,4.0,1,0,16,0,0,9,0,http://twitch.tv,twitch.tv,4.0,0,,6,2,0,6
3,515,1,15169,0,4.0,1,0,16,0,0,9,0,http://google.ie,google.ie,4.0,0,,6,2,0,6
3,539,342,36080,0,4.333333333333333,1,0,17,0,0,10,0,http://tagged.com,tagged.com,4.5,0,,6,2,0,6
3,458,514,32787,0,6.666666666666667,1,0,24,0,0,17,0,http://blackhatworld.com,blackhatworld.com,8.0,0,,13,2,0,13
3,359,28,4755,0,5.0,1,0,19,0,0,12,0,http://hdfcbank.com,hdfcbank.com,5.5,0,,8,2,0,8
3,411,278,1785,0,6.0,1,0,22,0,0,15,0,http://getresponse.com,getresponse.com,7.0,0,,11,2,0,11
3,380,219,3614,0,3.6666666666666665,1,0,15,0,0,8,0,http://dell.com,dell.com,3.5,0,,4,2,0,4
3,537,420,4262,0,3.3333333333333335,1,0,14,0,0,7,0,http://mlb.com,mlb.com,3.0,0,,3,2,0,4
3,689,10000,-1,0,5.666666666666667,1,0,21,0,0,14,0,http://trafficunit.in,trafficunit.in,6.5,0,,11,2,0,11
3,563,138,19071,0,4.0,1,0,16,0,0,9,0,http://match.com,match.com,4.0,0,,5,2,0,5
3,478,728,14618,0,5.666666666666667,1,0,21,0,0,14,0,http://freelancer.com,freelancer.com,6.5,0,,10,2,0,10
3,451,20,4694,0,4.333333333333333,1,0,17,0,0,10,0,http://kakaku.com,kakaku.com,4.5,0,,6,2,0,6
3,423,8,8535,0,4.0,1,0,16,0,0,9,0,http://gazeta.pl,gazeta.pl,4.0,0,,6,2,0,6
3,381,11,9052,0,4.333333333333333,1,0,17,0,0,10,0,http://elmundo.es,elmundo.es,4.5,0,,7,2,0,7
3,239,234,15169,0,3.0,1,0,13,0,0,6,0,http://goo.gl,goo.gl,2.5,0,,3,2,0,4
4,401,14,3320,0,3.25,1,0,18,0,0,11,0,http://t-online.de,t-online.de,3.0,0,,6,3,0,6
3,692,1037,13335,0,5.333333333333333,1,0,20,0,0,13,0,http://clixsense.com,clixsense.com,6.0,0,,9,2,0,9
3,523,428,41471,0,3.6666666666666665,1,0,15,0,0,8,0,http://twoo.com,twoo.com,3.5,0,,4,2,0,4
4,405,15,11706,0,3.5,2,0,19,0,0,12,0,http://terra.com.br,terra.com.br,3.3333333333333335,0,,5,3,0,5
4,320,130,8137,0,4.0,2,0,21,0,0,14,0,http://abcnews.go.com,abcnews.go.com,4.0,0,,7,3,0,7
4,412,7,15169,0,3.5,2,0,19,0,0,12,0,http://google.co.kr,google.co.kr,3.3333333333333335,0,,6,3,0,6
3,467,280,19994,0,4.666666666666667,1,0,18,0,0,11,0,http://zendesk.com,zendesk.com,5.0,0,,7,2,0,7
3,475,2,43037,0,4.0,1,0,16,0,0,9,0,http://seznam.cz,seznam.cz,4.0,0,,6,2,0,6
3,400,796,50098,0,5.666666666666667,1,0,21,0,0,14,0,http://rapidgator.net,rapidgator.net,6.5,0,,10,2,0,10
3,272,16,-1,0,4.666666666666667,1,0,18,0,0,11,0,http://uimserv.net,uimserv.net,5.0,0,,7,2,0,7
3,383,622,15756,0,3.0,1,0,13,0,0,6,0,http://rt.com,rt.com,2.5,0,,3,2,0,4
3,666,11,36351,0,3.6666666666666665,1,0,15,0,0,8,0,http://eyny.com,eyny.com,3.5,0,,4,2,0,4
4,365,13,28206,0,3.5,2,0,19,0,0,12,0,http://abril.com.br,abril.com.br,3.3333333333333335,0,,5,3,0,5
3,482,23,24284,0,3.6666666666666665,1,0,15,0,0,8,0,http://ameba.jp,ameba.jp,3.5,0,,5,2,0,5
3,373,240,20046,0,7.333333333333333,1,0,26,0,0,19,0,http://microsoftonline.com,microsoftonline.com,9.0,0,,15,2,0,15
3,536,34,2914,0,4.333333333333333,1,0,17,0,0,10,0,http://naukri.com,naukri.com,4.5,0,,6,2,0,6
3,351,12,15169,0,4.666666666666667,1,0,18,0,0,11,0,http://blogspot.fr,blogspot.fr,5.0,0,,8,2,0,8
3,469,204,22923,0,5.0,1,0,19,0,0,12,0,http://clicksor.com,clicksor.com,5.5,0,,8,2,0,8
3,1136,1006,4847,0,3.0,1,0,13,0,0,6,0,http://39.net,39.net,2.5,0,,3,2,0,4
3,336,196,3561,0,3.6666666666666665,1,0,15,0,0,8,0,http://time.com,time.com,3.5,0,,4,2,0,4
3,543,1,15169,0,4.0,1,0,16,0,0,9,0,http://google.dk,google.dk,4.0,0,,6,2,0,6
3,354,153,12008,0,4.0,1,0,16,0,0,9,0,http://force.com,force.com,4.0,0,,5,2,0,5
3,337,227,16509,0,5.666666666666667,1,0,21,0,0,14,0,http://webcrawler.com,webcrawler.com,6.5,0,,10,2,0,10
3,399,39,18101,0,4.333333333333333,1,0,17,0,0,10,0,http://intoday.in,intoday.in,4.5,0,,7,2,0,7
3,448,322,13535,0,3.6666666666666665,1,0,15,0,0,8,0,http://ning.com,ning.com,3.5,0,,4,2,0,4
3,584,10,32421,0,4.0,1,0,16,0,0,9,0,http://ck101.com,ck101.com,4.0,0,,5,2,0,5
3,422,12,20746,0,4.666666666666667,1,0,18,0,0,11,0,http://corriere.it,corriere.it,5.0,0,,8,2,0,8
3,553,2,15169,0,4.0,1,0,16,0,0,9,0,http://google.az,google.az,4.0,0,,6,2,0,6
3,352,135,11420,0,4.666666666666667,1,0,18,0,0,11,0,http://latimes.com,latimes.com,5.0,0,,7,2,0,7
4,431,75,4134,0,3.75,2,0,20,0,0,13,0,http://pcbaby.com.cn,pcbaby.com.cn,3.6666666666666665,0,,6,3,0,6
3,413,390,15456,0,4.0,1,0,16,0,0,9,0,http://jimdo.com,jimdo.com,4.0,0,,5,2,0,5
3,297,427,-1,0,5.666666666666667,1,0,21,0,0,14,0,http://cloudfront.net,cloudfront.net,6.5,0,,10,2,0,10
3,568,353,4265,0,4.333333333333333,1,0,17,0,0,10,0,http://elance.com,elance.com,4.5,0,,6,2,0,6
3,709,292,13335,0,4.0,1,0,16,0,0,9,0,http://likes.com,likes.com,4.0,0,,5,2,0,5
3,355,203,36017,0,4.666666666666667,1,0,18,0,0,11,0,http://typepad.com,typepad.com,5.0,0,,7,2,0,7
3,472,19,15756,0,4.666666666666667,1,0,18,0,0,11,0,http://webmoney.ru,webmoney.ru,5.0,0,,8,2,0,8
4,289,233,36351,0,4.25,1,0,22,0,0,15,0,http://list-manage.com,list-manage.com,4.333333333333333,0,,6,3,0,6
3,468,97,14392,0,5.666666666666667,1,0,21,0,0,14,0,http://capitalone.com,capitalone.com,6.5,0,,10,2,0,10
3,530,96,20021,0,3.3333333333333335,1,0,14,0,0,7,0,http://pch.com,pch.com,3.0,0,,3,2,0,4
3,608,335,25875,0,8.0,1,0,28,0,0,21,0,http://adultfriendfinder.com,adultfriendfinder.com,10.0,0,,17,2,0,17
3,461,7,13335,0,4.0,1,0,16,0,0,9,0,http://youm7.com,youm7.com,4.0,0,,5,2,0,5
3,345,15,43311,0,7.333333333333333,1,0,26,0,0,19,0,http://commentcamarche.net,commentcamarche.net,9.0,0,,15,2,0,15
3,330,333,32934,0,4.0,1,0,16,0,0,9,0,http://fbcdn.net,fbcdn.net,4.0,0,,5,2,0,5
4,561,2,15169,0,3.5,2,0,19,0,0,12,0,http://google.co.il,google.co.il,3.3333333333333335,0,,6,3,0,6
3,596,67,9308,0,3.0,1,0,13,0,0,6,0,http://58.com,58.com,2.5,0,,3,2,0,4
3,362,115,12008,0,6.0,1,0,22,0,0,15,0,http://retailmenot.com,retailmenot.com,7.0,0,,11,2,0,11
3,341,107,40034,0,5.666666666666667,1,0,21,0,0,14,0,http://hypergames.net,hypergames.net,6.5,0,,10,2,0,10
3,488,299,13909,0,5.0,1,0,19,0,0,12,0,http://liveleak.com,liveleak.com,5.5,0,,8,2,0,8
3,407,16,12876,0,4.333333333333333,1,0,17,0,0,10,0,http://lemonde.fr,lemonde.fr,4.5,0,,7,2,0,7
3,390,426,23393,0,5.0,1,0,19,0,0,12,0,http://exoclick.com,exoclick.com,5.5,0,,8,2,0,8
3,246,340,794,0,3.6666666666666665,1,0,15,0,0,8,0,http://java.com,java.com,3.5,0,,4,2,0,4
3,495,69,16509,0,5.333333333333333,1,0,20,0,0,13,0,http://livescore.com,livescore.com,6.0,0,,9,2,0,9
3,421,596,14618,0,5.666666666666667,1,0,21,0,0,14,0,http://foursquare.com,foursquare.com,6.5,0,,10,2,0,10
4,520,51,17431,0,3.0,2,0,17,0,0,10,0,http://xgo.com.cn,xgo.com.cn,2.6666666666666665,0,,3,3,0,4
3,775,8,9121,0,5.666666666666667,1,0,21,0,0,14,0,http://sahibinden.com,sahibinden.com,6.5,0,,10,2,0,10
3,873,11261,30085,0,4.666666666666667,1,0,18,0,0,11,0,http://isohunt.com,isohunt.com,5.0,0,,7,2,0,7
3,698,133,19071,0,4.666666666666667,1,0,18,0,0,11,0,http://okcupid.com,okcupid.com,5.0,0,,7,2,0,7
3,223,779,36351,0,5.666666666666667,1,0,21,0,0,14,0,http://m2newmedia.com,m2newmedia.com,6.5,0,,10,2,0,10
3,606,375,19181,0,5.666666666666667,1,0,21,0,0,14,0,http://chaturbate.com,chaturbate.com,6.5,0,,10,2,0,10
3,391,22,-1,0,4.666666666666667,1,0,18,0,0,11,0,http://doorblog.jp,doorblog.jp,5.0,0,,8,2,0,8
3,369,8,18182,0,4.666666666666667,1,0,18,0,0,11,0,http://ettoday.net,ettoday.net,5.0,0,,7,2,0,7
4,506,246,36351,0,5.0,1,0,25,0,0,18,0,http://xda-developers.com,xda-developers.com,5.333333333333333,0,,10,3,0,10
3,382,56,22576,0,4.333333333333333,1,0,17,0,0,10,0,http://lenovo.com,lenovo.com,4.5,0,,6,2,0,6
3,703,58,50032,0,4.666666666666667,1,0,18,0,0,11,0,http://fotolia.com,fotolia.com,5.0,0,,7,2,0,7
3,376,387,1668,0,5.0,1,0,19,0,0,12,0,http://engadget.com,engadget.com,5.5,0,,8,2,0,8
3,570,521,39572,0,4.666666666666667,1,0,18,0,0,11,0,http://semrush.com,semrush.com,5.0,0,,7,2,0,7
3,275,318,558,0,5.666666666666667,1,0,21,0,0,14,0,http://doublepimp.com,doublepimp.com,6.5,0,,10,2,0,10
3,569,51,33070,0,4.333333333333333,1,0,17,0,0,10,0,http://shaadi.com,shaadi.com,4.5,0,,6,2,0,6
3,342,116,33535,0,6.0,1,0,22,0,0,15,0,http://nydailynews.com,nydailynews.com,7.0,0,,11,2,0,11
3,470,284,13331,0,5.666666666666667,1,0,21,0,0,14,0,http://myfreecams.com,myfreecams.com,6.5,0,,10,2,0,10
3,408,380,16509,0,3.6666666666666665,1,0,15,0,0,8,0,http://digg.com,digg.com,3.5,0,,4,2,0,4
3,435,569,35415,0,4.666666666666667,1,0,18,0,0,11,0,http://drtuber.com,drtuber.com,5.0,0,,7,2,0,7
3,578,122,12079,0,7.333333333333333,1,0,26,0,0,19,0,http://verizonwireless.com,verizonwireless.com,9.0,0,,15,2,0,15
4,626,6,53387,0,5.25,2,0,26,0,0,19,0,http://mercadolibre.com.ar,mercadolibre.com.ar,5.666666666666667,0,,12,3,0,12
3,406,692,14618,0,4.0,1,0,16,0,0,9,0,http://issuu.com,issuu.com,4.0,0,,5,2,0,5
3,589,106,20093,0,5.333333333333333,1,0,20,0,0,13,0,http://swagbucks.com,swagbucks.com,6.0,0,,9,2,0,9
3,627,20,35569,0,6.333333333333333,1,0,23,0,0,16,0,http://searchengines.ru,searchengines.ru,7.5,0,,13,2,0,13
3,612,27,50214,0,3.3333333333333335,1,0,14,0,0,7,0,http://sape.ru,sape.ru,3.0,0,,4,2,0,4
3,321,786,8075,0,4.333333333333333,1,0,17,0,0,10,0,http://snapdo.com,snapdo.com,4.5,0,,6,2,0,6
3,524,174,20296,0,4.666666666666667,1,0,18,0,0,11,0,http://expedia.com,expedia.com,5.0,0,,7,2,0,7
3,532,7,45894,0,5.333333333333333,1,0,20,0,0,13,0,http://vnexpress.net,vnexpress.net,6.0,0,,9,2,0,9
3,402,28,13238,0,3.6666666666666665,1,0,15,0,0,8,0,http://narod.ru,narod.ru,3.5,0,,5,2,0,5
3,496,215,19024,0,4.0,1,0,16,0,0,9,0,http://taleo.net,taleo.net,4.0,0,,5,2,0,5
3,591,285,14230,0,6.333333333333333,1,0,23,0,0,16,0,http://bodybuilding.com,bodybuilding.com,7.5,0,,12,2,0,12
3,443,37,17436,0,5.333333333333333,1,0,20,0,0,13,0,http://icicibank.com,icicibank.com,6.0,0,,9,2,0,9
3,708,155,22772,0,5.0,1,0,19,0,0,12,0,http://backpage.com,backpage.com,5.5,0,,8,2,0,8
3,375,40,4808,0,4.0,1,0,16,0,0,9,0,http://iqiyi.com,iqiyi.com,4.0,0,,5,2,0,5
3,385,17,12337,0,5.333333333333333,1,0,20,0,0,13,0,http://gutefrage.net,gutefrage.net,6.0,0,,9,2,0,9
3,518,10,16509,0,4.0,1,0,16,0,0,9,0,http://amazon.it,amazon.it,4.0,0,,6,2,0,6
3,526,50,58461,0,5.0,1,0,19,0,0,12,0,http://baomihua.com,baomihua.com,5.5,0,,8,2,0,8
3,494,300,33517,0,4.666666666666667,1,0,18,0,0,11,0,http://hubspot.com,hubspot.com,5.0,0,,7,2,0,7
3,350,108,14618,0,3.3333333333333335,1,0,14,0,0,7,0,http://tmz.com,tmz.com,3.0,0,,3,2,0,4
3,699,13,11643,0,3.3333333333333335,1,0,14,0,0,7,0,http://ebay.fr,ebay.fr,3.0,0,,4,2,0,4
3,546,266,13768,0,4.0,1,0,16,0,0,9,0,http://tlbb8.com,tlbb8.com,4.0,0,,5,2,0,5
3,554,270,14618,0,5.666666666666667,1,0,21,0,0,14,0,http://eventbrite.com,eventbrite.com,6.5,0,,10,2,0,10
3,487,156,2914,0,5.666666666666667,1,0,21,0,0,14,0,http://shareasale.com,shareasale.com,6.5,0,,10,2,0,10
3,599,6,38244,0,3.3333333333333335,1,0,14,0,0,7,0,http://zing.vn,zing.vn,3.0,0,,4,2,0,4
4,516,11,7486,0,3.25,2,0,18,0,0,11,0,http://news.com.au,news.com.au,3.0,0,,4,3,0,4
3,497,177,36351,0,3.0,1,0,13,0,0,6,0,http://who.is,who.is,2.5,0,,3,2,0,4
3,471,72,17623,0,4.333333333333333,1,0,17,0,0,10,0,http://xunlei.com,xunlei.com,4.5,0,,6,2,0,6
3,725,11,41552,0,4.0,1,0,16,0,0,9,0,http://kijiji.ca,kijiji.ca,4.0,0,,6,2,0,6
3,404,208,16815,0,6.0,1,0,22,0,0,15,0,http://gotomeeting.com,gotomeeting.com,7.0,0,,11,2,0,11
3,363,260,54113,0,5.666666666666667,1,0,21,0,0,14,0,http://lifehacker.com,lifehacker.com,6.5,0,,10,2,0,10
3,455,522,794,0,4.333333333333333,1,0,17,0,0,10,0,http://oracle.com,oracle.com,4.5,0,,6,2,0,6
3,502,30,24638,0,3.6666666666666665,1,0,15,0,0,8,0,http://lenta.ru,lenta.ru,3.5,0,,5,2,0,5
3,453,230,14618,0,6.0,1,0,22,0,0,15,0,http://kickstarter.com,kickstarter.com,7.0,0,,11,2,0,11
3,505,35,16265,0,5.0,1,0,19,0,0,12,0,http://subscene.com,subscene.com,5.5,0,,8,2,0,8
3,479,93,10967,0,5.333333333333333,1,0,20,0,0,13,0,http://homedepot.com,homedepot.com,6.0,0,,9,2,0,9
4,446,25,9370,0,3.5,2,0,19,0,0,12,0,http://hatena.ne.jp,hatena.ne.jp,3.3333333333333335,0,,6,3,0,6
3,687,567,32421,0,5.333333333333333,1,0,20,0,0,13,0,http://namecheap.com,namecheap.com,6.0,0,,9,2,0,9
3,457,183,54113,0,4.333333333333333,1,0,17,0,0,10,0,http://gawker.com,gawker.com,4.5,0,,6,2,0,6
3,425,18,15169,0,4.666666666666667,1,0,18,0,0,11,0,http://blogspot.ru,blogspot.ru,5.0,0,,8,2,0,8
3,747,47,20940,0,4.666666666666667,1,0,18,0,0,11,0,http://bhaskar.com,bhaskar.com,5.0,0,,7,2,0,7
3,492,228,12240,0,6.0,1,0,22,0,0,15,0,http://accuweather.com,accuweather.com,7.0,0,,11,2,0,11
3,511,38,4755,0,5.0,1,0,19,0,0,12,0,http://justdial.com,justdial.com,5.5,0,,8,2,0,8
4,464,534,2635,0,4.5,2,0,23,0,0,16,0,http://en.wordpress.com,en.wordpress.com,4.666666666666667,0,,9,3,0,9
3,445,894,27357,0,4.0,1,0,16,0,0,9,0,http://github.io,github.io,4.0,0,,6,2,0,6
3,462,15,21844,0,5.666666666666667,1,0,21,0,0,14,0,http://altervista.org,altervista.org,6.5,0,,10,2,0,10
3,466,58,23724,0,3.6666666666666665,1,0,15,0,0,8,0,http://soku.com,soku.com,3.5,0,,4,2,0,4
3,611,874,47622,0,6.0,1,0,22,0,0,15,0,http://majesticseo.com,majesticseo.com,7.0,0,,11,2,0,11
3,452,18,12008,0,3.3333333333333335,1,0,14,0,0,7,0,http://chip.de,chip.de,3.0,0,,4,2,0,4
3,508,24,3216,0,3.0,1,0,13,0,0,6,0,http://rbc.ru,rbc.ru,2.5,0,,3,2,0,4
3,850,415,32421,0,4.333333333333333,1,0,17,0,0,10,0,http://probux.com,probux.com,4.5,0,,6,2,0,6
3,522,142,15169,0,5.0,1,0,19,0,0,12,0,http://theblaze.com,theblaze.com,5.5,0,,8,2,0,8
3,614,17,35237,0,4.666666666666667,1,0,18,0,0,11,0,http://sberbank.ru,sberbank.ru,5.0,0,,8,2,0,8
3,474,17,8839,0,4.666666666666667,1,0,18,0,0,11,0,http://lefigaro.fr,lefigaro.fr,5.0,0,,8,2,0,8
3,781,60,9394,0,2.3333333333333335,1,0,11,0,0,4,0,http://6.cn,6.cn,1.5,0,,2,2,0,4
3,716,1,15169,0,4.0,1,0,16,0,0,9,0,http://google.sk,google.sk,4.0,0,,6,2,0,6
3,437,296,54113,0,4.666666666666667,1,0,18,0,0,11,0,http://gizmodo.com,gizmodo.com,5.0,0,,7,2,0,7
3,500,7,59441,0,5.333333333333333,1,0,20,0,0,13,0,http://mihanblog.com,mihanblog.com,6.0,0,,9,2,0,9
3,394,432,7859,0,6.0,1,0,22,0,0,15,0,http://timeanddate.com,timeanddate.com,7.0,0,,11,2,0,11
3,439,32,9298,0,4.0,1,0,16,0,0,9,0,http://amazon.cn,amazon.cn,4.0,0,,6,2,0,6
3,501,105,40067,0,4.333333333333333,1,0,17,0,0,10,0,http://newegg.com,newegg.com,4.5,0,,6,2,0,6
3,613,149,46950,0,4.333333333333333,1,0,17,0,0,10,0,http://trulia.com,trulia.com,4.5,0,,6,2,0,6
3,604,169,10694,0,4.666666666666667,1,0,18,0,0,11,0,http://monster.com,monster.com,5.0,0,,7,2,0,7
3,556,575,14618,0,7.666666666666667,1,0,27,0,0,20,0,http://opensiteexplorer.org,opensiteexplorer.org,9.5,0,,16,2,0,16
3,456,167,32748,0,3.6666666666666665,1,0,15,0,0,8,0,http://amung.us,amung.us,3.5,0,,5,2,0,5
3,649,14,18365,0,4.333333333333333,1,0,17,0,0,10,0,http://kompas.com,kompas.com,4.5,0,,6,2,0,6
3,1524,485,4134,0,4.333333333333333,1,0,17,0,0,10,0,http://yxlady.com,yxlady.com,4.5,0,,6,2,0,6
3,581,26,32335,0,3.3333333333333335,1,0,14,0,0,7,0,http://2ch.net,2ch.net,3.0,0,,3,2,0,4
3,465,22,13238,0,2.6666666666666665,1,0,12,0,0,5,0,http://ya.ru,ya.ru,2.0,0,,2,2,0,4
3,450,360,11691,0,5.0,1,0,19,0,0,12,0,http://hubpages.com,hubpages.com,5.5,0,,8,2,0,8
3,600,26,29076,0,5.0,1,0,19,0,0,12,0,http://kinopoisk.ru,kinopoisk.ru,5.5,0,,9,2,0,9
3,426,202,16815,0,6.333333333333333,1,0,23,0,0,16,0,http://citrixonline.com,citrixonline.com,7.5,0,,12,2,0,12
3,504,150,19994,0,5.333333333333333,1,0,20,0,0,13,0,http://foxsports.com,foxsports.com,6.0,0,,9,2,0,9
3,628,44,9583,0,5.333333333333333,1,0,20,0,0,13,0,http://onlinesbi.com,onlinesbi.com,6.0,0,,9,2,0,9
3,429,317,20940,0,4.0,1,0,16,0,0,9,0,http://wired.com,wired.com,4.0,0,,5,2,0,5
3,640,409,17233,0,4.333333333333333,1,0,17,0,0,10,0,http://battle.net,battle.net,4.5,0,,6,2,0,6
3,440,194,14907,0,5.666666666666667,1,0,21,0,0,14,0,http://wiktionary.org,wiktionary.org,6.5,0,,10,2,0,10
3,738,63,4812,0,4.666666666666667,1,0,18,0,0,11,0,http://eastday.com,eastday.com,5.0,0,,7,2,0,7
3,586,53,33480,0,4.666666666666667,1,0,18,0,0,11,0,http://oneindia.in,oneindia.in,5.0,0,,8,2,0,8
3,552,538,32590,0,6.333333333333333,1,0,23,0,0,16,0,http://steampowered.com,steampowered.com,7.5,0,,12,2,0,12
3,655,354,13335,0,7.333333333333333,1,0,26,0,0,19,0,http://templatemonster.com,templatemonster.com,9.0,0,,15,2,0,15
3,489,207,7105,0,6.0,1,0,22,0,0,15,0,http://marketwatch.com,marketwatch.com,7.0,0,,11,2,0,11
4,705,9,53387,0,5.25,2,0,26,0,0,19,0,http://mercadolibre.com.mx,mercadolibre.com.mx,5.666666666666667,0,,12,3,0,12
3,521,376,31815,0,4.333333333333333,1,0,17,0,0,10,0,http://jquery.com,jquery.com,4.5,0,,6,2,0,6
3,574,54,17439,0,6.333333333333333,1,0,23,0,0,16,0,http://moneycontrol.com,moneycontrol.com,7.5,0,,12,2,0,12
3,566,35,17439,0,4.333333333333333,1,0,17,0,0,10,0,http://jabong.com,jabong.com,4.5,0,,6,2,0,6
3,669,9,42910,0,5.0,1,0,19,0,0,12,0,http://farsnews.com,farsnews.com,5.5,0,,8,2,0,8
3,737,12,13335,0,4.666666666666667,1,0,18,0,0,11,0,http://traidnt.net,traidnt.net,5.0,0,,7,2,0,7
8,-1,-1,-1,0,4.625,2,2,46,2.3333333333333335,0,21,0,http://mixgroupguide.cn:8080/ts/in.cgi?pepsi12,mixgroupguide.cn:8080,6.333333333333333,3,/ts/in.cgi,13,3,3,13
8,-1,-1,-1,0,4.875,2,2,48,2.3333333333333335,0,23,1,http://mixreleasegroup.cn:8080/ts/in.cgi?pepsi12,mixreleasegroup.cn:8080,7.0,3,/ts/in.cgi,15,3,3,15
6,-1,-1,3561,0,3.6666666666666665,2,2,29,3.6666666666666665,0,8,0,http://morde.ws/101/index.php,morde.ws,3.5,3,/101/index.php,5,2,5,5
5,-1,-1,-1,0,5.4,2,2,33,4.0,0,16,0,http://moretraffcom.com/codec.exe,moretraffcom.com,7.5,2,/codec.exe,12,2,5,12
6,-1,-1,-1,0,5.0,2,2,37,3.6666666666666665,0,16,0,http://moretraffcom.com/codec/197.exe,moretraffcom.com,7.5,3,/codec/197.exe,12,2,5,12
5,-1,-1,-1,0,5.2,2,2,32,3.5,0,16,0,http://moretraffcom.com/file.exe,moretraffcom.com,7.5,2,/file.exe,12,2,4,12
5,-1,-1,-1,0,5.4,2,2,33,4.0,0,16,0,http://moretraffcom.com/pcdef.exe,moretraffcom.com,7.5,2,/pcdef.exe,12,2,5,12
5,-1,-1,-1,0,6.4,2,2,38,4.0,0,21,0,http://movieaboutblogcom.com/codec.exe,movieaboutblogcom.com,10.0,2,/codec.exe,17,2,5,17
6,-1,-1,-1,0,5.833333333333333,2,2,42,3.6666666666666665,0,21,0,http://movieaboutblogcom.com/codec/197.exe,movieaboutblogcom.com,10.0,3,/codec/197.exe,17,2,5,17
5,-1,-1,-1,0,6.2,2,2,37,3.5,0,21,0,http://movieaboutblogcom.com/file.exe,movieaboutblogcom.com,10.0,2,/file.exe,17,2,4,17
5,-1,-1,-1,0,6.4,2,2,38,4.0,0,21,0,http://movieaboutblogcom.com/pcdef.exe,movieaboutblogcom.com,10.0,2,/pcdef.exe,17,2,5,17
6,-1,-1,20473,0,4.0,2,2,31,4.0,0,14,0,http://mp3-hunter.com/codec.exe,mp3-hunter.com,4.0,2,/codec.exe,6,3,5,6
7,-1,-1,20473,0,3.857142857142857,2,2,35,3.6666666666666665,0,14,0,http://mp3-hunter.com/codec/197.exe,mp3-hunter.com,4.0,3,/codec/197.exe,6,3,5,6
6,-1,-1,20473,0,3.8333333333333335,2,2,30,3.5,0,14,0,http://mp3-hunter.com/file.exe,mp3-hunter.com,4.0,2,/file.exe,6,3,4,6
6,-1,-1,20473,0,4.0,2,2,31,4.0,0,14,0,http://mp3-hunter.com/pcdef.exe,mp3-hunter.com,4.0,2,/pcdef.exe,6,3,5,6
6,-1,-1,-1,0,3.5,2,2,28,4.0,0,11,0,http://mp3-now.net/codec.exe,mp3-now.net,3.0,2,/codec.exe,3,3,5,5
7,-1,-1,-1,0,3.4285714285714284,2,2,32,3.6666666666666665,0,11,0,http://mp3-now.net/codec/197.exe,mp3-now.net,3.0,3,/codec/197.exe,3,3,5,5
6,-1,-1,-1,0,3.3333333333333335,2,2,27,3.5,0,11,0,http://mp3-now.net/file.exe,mp3-now.net,3.0,2,/file.exe,3,3,4,4
6,-1,-1,-1,0,3.5,2,2,28,4.0,0,11,0,http://mp3-now.net/pcdef.exe,mp3-now.net,3.0,2,/pcdef.exe,3,3,5,5
5,-1,-1,-1,0,4.6,2,2,29,4.0,0,12,0,http://mskphoto.com/codec.exe,mskphoto.com,5.5,2,/codec.exe,8,2,5,8
6,-1,-1,-1,0,4.333333333333333,2,2,33,3.6666666666666665,0,12,0,http://mskphoto.com/codec/197.exe,mskphoto.com,5.5,3,/codec/197.exe,8,2,5,8
5,-1,-1,-1,0,4.4,2,2,28,3.5,0,12,0,http://mskphoto.com/file.exe,mskphoto.com,5.5,2,/file.exe,8,2,4,8
5,-1,-1,-1,0,4.6,2,2,29,4.0,0,12,0,http://mskphoto.com/pcdef.exe,mskphoto.com,5.5,2,/pcdef.exe,8,2,5,8
5,-1,-1,-1,0,6.4,2,2,38,4.0,0,21,0,http://musicmoviesnbooks.com/codec.exe,musicmoviesnbooks.com,10.0,2,/codec.exe,17,2,5,17
6,-1,-1,-1,0,5.833333333333333,2,2,42,3.6666666666666665,0,21,0,http://musicmoviesnbooks.com/codec/197.exe,musicmoviesnbooks.com,10.0,3,/codec/197.exe,17,2,5,17
5,-1,-1,-1,0,6.2,2,2,37,3.5,0,21,0,http://musicmoviesnbooks.com/file.exe,musicmoviesnbooks.com,10.0,2,/file.exe,17,2,4,17
5,-1,-1,-1,0,6.4,2,2,38,4.0,0,21,0,http://musicmoviesnbooks.com/pcdef.exe,musicmoviesnbooks.com,10.0,2,/pcdef.exe,17,2,5,17
7,-1,-1,-1,0,4.285714285714286,2,2,38,4.0,0,16,0,http://mybest-adult.com/promo1/get.php,mybest-adult.com,4.666666666666667,3,/promo1/get.php,6,3,6,6
7,-1,-1,-1,0,4.285714285714286,2,2,38,4.0,0,16,0,http://mybest-adult.com/promo2/get.php,mybest-adult.com,4.666666666666667,3,/promo2/get.php,6,3,6,6
7,-1,-1,-1,0,4.285714285714286,2,2,38,4.0,0,16,0,http://mybest-adult.com/promo3/get.php,mybest-adult.com,4.666666666666667,3,/promo3/get.php,6,3,6,6
7,-1,-1,-1,0,4.285714285714286,2,2,38,4.0,0,16,0,http://mybest-adult.com/promo4/get.php,mybest-adult.com,4.666666666666667,3,/promo4/get.php,6,3,6,6
6,-1,-1,22489,0,5.0,2,2,37,4.0,0,15,0,http://mybigportal.com/promo1/get.php,mybigportal.com,7.0,3,/promo1/get.php,11,2,6,11
6,-1,-1,22489,0,5.0,2,2,37,4.0,0,15,0,http://mybigportal.com/promo2/get.php,mybigportal.com,7.0,3,/promo2/get.php,11,2,6,11
6,-1,-1,22489,0,5.0,2,2,37,4.0,0,15,0,http://mybigportal.com/promo3/get.php,mybigportal.com,7.0,3,/promo3/get.php,11,2,6,11
6,-1,-1,22489,0,5.0,2,2,37,4.0,0,15,0,http://mybigportal.com/promo4/get.php,mybigportal.com,7.0,3,/promo4/get.php,11,2,6,11
9,-1,-1,33626,0,4.555555555555555,2,2,51,4.8,0,15,0,http://mysex-adult.com/promo1/soft/install-1557.exe,mysex-adult.com,4.333333333333333,5,/promo1/soft/install-1557.exe,5,3,7,7
5,-1,-1,-1,0,4.8,2,2,30,4.0,0,13,0,http://mythahost.com/codec.exe,mythahost.com,6.0,2,/codec.exe,9,2,5,9
6,-1,-1,-1,0,4.5,2,2,34,3.6666666666666665,0,13,0,http://mythahost.com/codec/197.exe,mythahost.com,6.0,3,/codec/197.exe,9,2,5,9
5,-1,-1,-1,0,4.6,2,2,29,3.5,0,13,0,http://mythahost.com/file.exe,mythahost.com,6.0,2,/file.exe,9,2,4,9
5,-1,-1,-1,0,4.8,2,2,30,4.0,0,13,0,http://mythahost.com/pcdef.exe,mythahost.com,6.0,2,/pcdef.exe,9,2,5,9
7,-1,-1,-1,0,4.0,2,2,36,4.0,0,14,0,http://mytop-porn.com/promo1/get.php,mytop-porn.com,4.0,3,/promo1/get.php,5,3,6,6
7,-1,-1,-1,0,4.0,2,2,36,4.0,0,14,0,http://mytop-porn.com/promo2/get.php,mytop-porn.com,4.0,3,/promo2/get.php,5,3,6,6
7,-1,-1,-1,0,4.0,2,2,36,4.0,0,14,0,http://mytop-porn.com/promo3/get.php,mytop-porn.com,4.0,3,/promo3/get.php,5,3,6,6
7,-1,-1,-1,0,4.0,2,2,36,4.0,0,14,0,http://mytop-porn.com/promo4/get.php,mytop-porn.com,4.0,3,/promo4/get.php,5,3,6,6
5,-1,-1,-1,0,5.2,2,2,32,4.0,0,15,0,http://mywhoisinfo.com/codec.exe,mywhoisinfo.com,7.0,2,/codec.exe,11,2,5,11
6,-1,-1,-1,0,4.833333333333333,2,2,36,3.6666666666666665,0,15,0,http://mywhoisinfo.com/codec/197.exe,mywhoisinfo.com,7.0,3,/codec/197.exe,11,2,5,11
5,-1,-1,-1,0,5.0,2,2,31,3.5,0,15,0,http://mywhoisinfo.com/file.exe,mywhoisinfo.com,7.0,2,/file.exe,11,2,4,11
5,-1,-1,-1,0,5.2,2,2,32,4.0,0,15,0,http://mywhoisinfo.com/pcdef.exe,mywhoisinfo.com,7.0,2,/pcdef.exe,11,2,5,11
8,-1,-1,-1,0,5.0,2,2,49,2.3333333333333335,0,24,0,http://namecompanystore.cn:8080/ts/in.cgi?pepsi12,namecompanystore.cn:8080,7.333333333333333,3,/ts/in.cgi,16,3,3,16
8,-1,-1,-1,0,4.375,2,2,44,2.3333333333333335,0,19,0,http://nameforshop.cn:8080/ts/in.cgi?pepsi12,nameforshop.cn:8080,5.666666666666667,3,/ts/in.cgi,11,3,3,11
3,-1,-1,22489,0,9.666666666666666,1,2,33,0,0,26,0,http://narrowroadpublications.com,narrowroadpublications.com,12.5,0,,22,2,0,22
5,-1,-1,43541,0,5.8,1,2,35,0,0,28,0,http://nerez-schodiste-zabradli.com,nerez-schodiste-zabradli.com,6.25,0,,9,4,0,9
3,-1,-1,43541,0,6.333333333333333,1,2,23,0,0,16,0,http://nordiccountry.cz,nordiccountry.cz,7.5,0,,13,2,0,13
6,-1,-1,-1,0,5.833333333333333,2,2,42,6.0,0,14,0,http://note6scan.info/download/install.php,note6scan.info,6.5,3,/download/install.php,9,2,8,9
3,-1,-1,43541,0,4.666666666666667,1,2,18,0,0,11,0,http://nowina.info,nowina.info,5.0,0,,6,2,0,6
4,-1,-1,43541,0,6.0,1,2,29,0,0,22,0,http://obada-konstruktiwa.org,obada-konstruktiwa.org,6.666666666666667,0,,12,3,0,12
6,-1,-1,-1,0,5.666666666666667,2,2,41,6.0,0,13,0,http://one4scan.info/download/install.php,one4scan.info,6.0,3,/download/install.php,8,2,8,8
5,-1,-1,53665,0,5.4,2,2,33,4.0,0,16,0,http://onlinefilms.name/codec.exe,onlinefilms.name,7.5,2,/codec.exe,11,2,5,11
6,-1,-1,53665,0,5.0,2,2,37,3.6666666666666665,0,16,0,http://onlinefilms.name/codec/197.exe,onlinefilms.name,7.5,3,/codec/197.exe,11,2,5,11
5,-1,-1,53665,0,5.2,2,2,32,3.5,0,16,0,http://onlinefilms.name/file.exe,onlinefilms.name,7.5,2,/file.exe,11,2,4,11
5,-1,-1,53665,0,5.4,2,2,33,4.0,0,16,0,http://onlinefilms.name/pcdef.exe,onlinefilms.name,7.5,2,/pcdef.exe,11,2,5,11
3,-1,-1,24806,0,7.0,1,2,25,0,0,18,0,http://otylkaaotesanek.cz,otylkaaotesanek.cz,8.5,0,,15,2,0,15
5,-1,-1,33626,0,4.2,2,2,27,4.0,0,10,0,http://oxdiet.com/codec.exe,oxdiet.com,4.5,2,/codec.exe,6,2,5,6
6,-1,-1,33626,0,4.0,2,2,31,3.6666666666666665,0,10,0,http://oxdiet.com/codec/197.exe,oxdiet.com,4.5,3,/codec/197.exe,6,2,5,6
5,-1,-1,33626,0,4.0,2,2,26,3.5,0,10,0,http://oxdiet.com/file.exe,oxdiet.com,4.5,2,/file.exe,6,2,4,6
5,-1,-1,33626,0,4.2,2,2,27,4.0,0,10,0,http://oxdiet.com/pcdef.exe,oxdiet.com,4.5,2,/pcdef.exe,6,2,5,6
3,-1,-1,-1,0,4.333333333333333,1,2,17,0,0,10,0,http://pafdom.com,pafdom.com,4.5,0,,6,2,0,6
3,-1,-1,14742,0,8.0,1,2,28,0,0,21,0,http://pamperingdelights.com,pamperingdelights.com,10.0,0,,17,2,0,17
3,-1,-1,-1,0,6.0,1,2,22,0,0,15,0,http://partyhousecb.cz,partyhousecb.cz,7.0,0,,12,2,0,12
31,-1,-1,-1,0,3.935483870967742,3,2,158,3.4,0,24,0,http://pay1.fastantivirus09.com/lo/FASTAV/1/index.php?pc_id=&uid=0&ls=1&bid=b_Unknown&t=day&np=&pid=3&sid=&wv=wvUnKnown&verint=&presale_id=6&abbr=FASTAV&pid=3,pay1.fastantivirus09.com,7.333333333333333,5,/lo/FASTAV/1/index.php,15,3,6,15
4,-1,-1,7679,0,4.5,1,2,23,0,0,16,0,http://pb-webdesign.net,pb-webdesign.net,4.666666666666667,0,,9,3,0,9
4,-1,-1,24806,0,4.75,1,2,24,0,0,17,0,http://pension-helene.cz,pension-helene.cz,5.0,0,,7,3,0,7
5,-1,-1,-1,0,5.0,2,2,31,4.0,0,14,0,http://pillsintop.com/codec.exe,pillsintop.com,6.5,2,/codec.exe,10,2,5,10
6,-1,-1,-1,0,4.666666666666667,2,2,35,3.6666666666666665,0,14,0,http://pillsintop.com/codec/197.exe,pillsintop.com,6.5,3,/codec/197.exe,10,2,5,10
5,-1,-1,-1,0,4.8,2,2,30,3.5,0,14,0,http://pillsintop.com/file.exe,pillsintop.com,6.5,2,/file.exe,10,2,4,10
5,-1,-1,-1,0,5.0,2,2,31,4.0,0,14,0,http://pillsintop.com/pcdef.exe,pillsintop.com,6.5,2,/pcdef.exe,10,2,5,10
5,-1,-1,-1,0,5.0,2,2,31,4.0,0,14,0,http://pillsintop.net/codec.exe,pillsintop.net,6.5,2,/codec.exe,10,2,5,10
6,-1,-1,-1,0,4.666666666666667,2,2,35,3.6666666666666665,0,14,0,http://pillsintop.net/codec/197.exe,pillsintop.net,6.5,3,/codec/197.exe,10,2,5,10
5,-1,-1,-1,0,4.8,2,2,30,3.5,0,14,0,http://pillsintop.net/file.exe,pillsintop.net,6.5,2,/file.exe,10,2,4,10
5,-1,-1,-1,0,5.0,2,2,31,4.0,0,14,0,http://pillsintop.net/pcdef.exe,pillsintop.net,6.5,2,/pcdef.exe,10,2,5,10
3,-1,-1,18779,0,4.666666666666667,1,2,18,0,0,11,0,http://plaloorz.cn,plaloorz.cn,5.0,0,,8,2,0,8
4,-1,-1,43541,0,5.25,2,2,26,0,0,19,0,http://podzemi.myotis.info,podzemi.myotis.info,5.666666666666667,0,,7,3,0,7
8,-1,-1,-1,0,4.0,2,2,41,4.0,0,19,0,http://porn-hub-online.com/promo1/get.php,porn-hub-online.com,4.0,3,/promo1/get.php,6,4,6,6
8,-1,-1,-1,0,4.0,2,2,41,4.0,0,19,0,http://porn-hub-online.com/promo2/get.php,porn-hub-online.com,4.0,3,/promo2/get.php,6,4,6,6
8,-1,-1,-1,0,4.0,2,2,41,4.0,0,19,0,http://porn-hub-online.com/promo3/get.php,porn-hub-online.com,4.0,3,/promo3/get.php,6,4,6,6
8,-1,-1,-1,0,4.0,2,2,41,4.0,0,19,0,http://porn-hub-online.com/promo4/get.php,porn-hub-online.com,4.0,3,/promo4/get.php,6,4,6,6
8,-1,-1,-1,0,3.875,2,2,40,4.0,0,18,0,http://porn-tubes-hub.com/promo1/get.php,porn-tubes-hub.com,3.75,3,/promo1/get.php,5,4,6,6
8,-1,-1,-1,0,3.875,2,2,40,4.0,0,18,0,http://porn-tubes-hub.com/promo2/get.php,porn-tubes-hub.com,3.75,3,/promo2/get.php,5,4,6,6
8,-1,-1,-1,0,3.875,2,2,40,4.0,0,18,0,http://porn-tubes-hub.com/promo3/get.php,porn-tubes-hub.com,3.75,3,/promo3/get.php,5,4,6,6
8,-1,-1,-1,0,3.875,2,2,40,4.0,0,18,0,http://porn-tubes-hub.com/promo4/get.php,porn-tubes-hub.com,3.75,3,/promo4/get.php,5,4,6,6
5,-1,-1,-1,0,4.4,2,2,28,4.0,0,11,0,http://pornneo.com/codec.exe,pornneo.com,5.0,2,/codec.exe,7,2,5,7
6,-1,-1,-1,0,4.166666666666667,2,2,32,3.6666666666666665,0,11,0,http://pornneo.com/codec/197.exe,pornneo.com,5.0,3,/codec/197.exe,7,2,5,7
5,-1,-1,-1,0,4.2,2,2,27,3.5,0,11,0,http://pornneo.com/file.exe,pornneo.com,5.0,2,/file.exe,7,2,4,7
5,-1,-1,-1,0,4.4,2,2,28,4.0,0,11,0,http://pornneo.com/pcdef.exe,pornneo.com,5.0,2,/pcdef.exe,7,2,5,7
5,-1,-1,-1,0,5.2,2,2,32,4.0,0,15,0,http://ppcroitrack.com/codec.exe,ppcroitrack.com,7.0,2,/codec.exe,11,2,5,11
6,-1,-1,-1,0,4.833333333333333,2,2,36,3.6666666666666665,0,15,0,http://ppcroitrack.com/codec/197.exe,ppcroitrack.com,7.0,3,/codec/197.exe,11,2,5,11
5,-1,-1,-1,0,5.0,2,2,31,3.5,0,15,0,http://ppcroitrack.com/file.exe,ppcroitrack.com,7.0,2,/file.exe,11,2,4,11
5,-1,-1,-1,0,5.2,2,2,32,4.0,0,15,0,http://ppcroitrack.com/pcdef.exe,ppcroitrack.com,7.0,2,/pcdef.exe,11,2,5,11
6,-1,-1,-1,0,15.166666666666666,1,2,99,0,0,17,0,http://pro-antivirus.net/?p=WKmimHVlaGuHjsbIo22Dh3qBqXmmVpzZapmK0qR0qay6z66noaunWpqdnHbDjLnUnJ6cq6A,pro-antivirus.net,5.0,0,/,9,3,0,71
6,-1,-1,32748,0,5.166666666666667,2,2,38,4.0,0,21,0,http://propecia-generico.com/codec.exe,propecia-generico.com,6.333333333333333,2,/codec.exe,8,3,5,8
7,-1,-1,32748,0,4.857142857142857,2,2,42,3.6666666666666665,0,21,0,http://propecia-generico.com/codec/197.exe,propecia-generico.com,6.333333333333333,3,/codec/197.exe,8,3,5,8
6,-1,-1,32748,0,5.0,2,2,37,3.5,0,21,0,http://propecia-generico.com/file.exe,propecia-generico.com,6.333333333333333,2,/file.exe,8,3,4,8
6,-1,-1,32748,0,5.166666666666667,2,2,38,4.0,0,21,0,http://propecia-generico.com/pcdef.exe,propecia-generico.com,6.333333333333333,2,/pcdef.exe,8,3,5,8
10,-1,-1,-1,0,4.2,2,2,53,4.666666666666667,0,20,0,http://proper-tube-site.com/teens/xindex.php?id=45059,proper-tube-site.com,4.25,3,/teens/xindex.php,6,4,6,6
3,-1,-1,-1,0,4.333333333333333,1,2,17,0,0,10,0,http://ptfree.org,ptfree.org,4.5,0,,6,2,0,6
5,-1,-1,40034,0,5.4,2,2,33,4.0,0,16,0,http://puckettphoto.com/codec.exe,puckettphoto.com,7.5,2,/codec.exe,12,2,5,12
6,-1,-1,40034,0,5.0,2,2,37,3.6666666666666665,0,16,0,http://puckettphoto.com/codec/197.exe,puckettphoto.com,7.5,3,/codec/197.exe,12,2,5,12
5,-1,-1,40034,0,5.2,2,2,32,3.5,0,16,0,http://puckettphoto.com/file.exe,puckettphoto.com,7.5,2,/file.exe,12,2,4,12
5,-1,-1,40034,0,5.4,2,2,33,4.0,0,16,0,http://puckettphoto.com/pcdef.exe,puckettphoto.com,7.5,2,/pcdef.exe,12,2,5,12
6,-1,-1,1887,0,3.6666666666666665,3,2,29,4.0,0,12,1,http://put.ghura.pl/adrtv.exe,put.ghura.pl,3.3333333333333335,2,/adrtv.exe,5,3,5,5
6,-1,-1,1887,0,3.3333333333333335,3,2,27,3.0,0,12,1,http://put.ghura.pl/out.exe,put.ghura.pl,3.3333333333333335,2,/out.exe,5,3,3,5
6,-1,-1,-1,0,3.6666666666666665,2,2,29,2.0,0,13,0,http://rarambler.com/ra/2.exe,rarambler.com,6.0,3,/ra/2.exe,9,2,3,9
7,-1,-1,-1,0,3.5714285714285716,3,2,33,2.5,0,12,0,http://realmovs.net/vidz/4.71.htm,realmovs.net,5.5,4,/vidz/4.71.htm,8,2,4,8
5,-1,-1,40034,0,5.4,2,2,33,4.0,0,16,1,http://rediropencom.com/codec.exe,rediropencom.com,7.5,2,/codec.exe,12,2,5,12
6,-1,-1,40034,0,5.0,2,2,37,3.6666666666666665,0,16,1,http://rediropencom.com/codec/197.exe,rediropencom.com,7.5,3,/codec/197.exe,12,2,5,12
5,-1,-1,40034,0,5.2,2,2,32,3.5,0,16,1,http://rediropencom.com/file.exe,rediropencom.com,7.5,2,/file.exe,12,2,4,12
5,-1,-1,40034,0,5.4,2,2,33,4.0,0,16,1,http://rediropencom.com/pcdef.exe,rediropencom.com,7.5,2,/pcdef.exe,12,2,5,12
6,-1,-1,20473,0,5.166666666666667,2,2,38,4.0,0,21,0,http://resistant-domains.com/codec.exe,resistant-domains.com,6.333333333333333,2,/codec.exe,9,3,5,9
7,-1,-1,20473,0,4.857142857142857,2,2,42,3.6666666666666665,0,21,0,http://resistant-domains.com/codec/197.exe,resistant-domains.com,6.333333333333333,3,/codec/197.exe,9,3,5,9
6,-1,-1,20473,0,5.0,2,2,37,3.5,0,21,0,http://resistant-domains.com/file.exe,resistant-domains.com,6.333333333333333,2,/file.exe,9,3,4,9
6,-1,-1,20473,0,5.166666666666667,2,2,38,4.0,0,21,0,http://resistant-domains.com/pcdef.exe,resistant-domains.com,6.333333333333333,2,/pcdef.exe,9,3,5,9
5,-1,-1,35236,0,5.4,2,2,33,4.0,0,16,0,http://rulerdomains.net/codec.exe,rulerdomains.net,7.5,2,/codec.exe,12,2,5,12
6,-1,-1,35236,0,5.0,2,2,37,3.6666666666666665,0,16,0,http://rulerdomains.net/codec/197.exe,rulerdomains.net,7.5,3,/codec/197.exe,12,2,5,12
5,-1,-1,35236,0,5.2,2,2,32,3.5,0,16,0,http://rulerdomains.net/file.exe,rulerdomains.net,7.5,2,/file.exe,12,2,4,12
5,-1,-1,35236,0,5.4,2,2,33,4.0,0,16,0,http://rulerdomains.net/pcdef.exe,rulerdomains.net,7.5,2,/pcdef.exe,12,2,5,12
3,-1,-1,-1,0,4.333333333333333,1,2,17,0,0,10,0,http://sbmb08.com,sbmb08.com,4.5,0,,6,2,0,6
6,-1,-1,-1,0,5.833333333333333,2,2,42,6.0,0,14,0,http://scan4area.info/download/install.php,scan4area.info,6.5,3,/download/install.php,9,2,8,9
6,-1,-1,-1,0,5.833333333333333,2,2,42,6.0,0,14,0,http://scan4full.info/download/install.php,scan4full.info,6.5,3,/download/install.php,9,2,8,9
6,-1,-1,-1,0,5.833333333333333,2,2,42,6.0,0,14,0,http://scan4goal.info/download/install.php,scan4goal.info,6.5,3,/download/install.php,9,2,8,9
6,-1,-1,-1,0,5.833333333333333,2,2,42,6.0,0,14,0,http://scan4hard.info/download/install.php,scan4hard.info,6.5,3,/download/install.php,9,2,8,9
6,-1,-1,-1,0,5.833333333333333,2,2,42,6.0,0,14,0,http://scan4mode.info/download/install.php,scan4mode.info,6.5,3,/download/install.php,9,2,8,9
6,-1,-1,-1,0,5.833333333333333,2,2,42,6.0,0,14,0,http://scan6meta.info/download/install.php,scan6meta.info,6.5,3,/download/install.php,9,2,8,9
6,-1,-1,-1,0,5.666666666666667,2,2,41,6.0,0,13,0,http://scanfan6.info/download/install.php,scanfan6.info,6.0,3,/download/install.php,8,2,8,8
6,-1,-1,-1,0,5.833333333333333,2,2,42,6.0,0,14,0,http://scanfine4.info/download/install.php,scanfine4.info,6.5,3,/download/install.php,9,2,8,9
6,-1,-1,-1,0,5.666666666666667,2,2,41,6.0,0,13,0,http://scanmix6.info/download/install.php,scanmix6.info,6.0,3,/download/install.php,8,2,8,8
10,-1,-1,-1,0,5.2,2,2,65,2.0,0,25,0,http://scanner.extrantivirus.com/35/?advid=6357&ref=&p=1000000000,scanner.extrantivirus.com,7.666666666666667,1,/35/,13,3,2,13
7,-1,-1,-1,0,6.571428571428571,3,2,54,6.333333333333333,0,25,0,http://scanner.extrantivirus.com/exe/setup_26357_0.exe,scanner.extrantivirus.com,7.666666666666667,3,/exe/setup_26357_0.exe,13,3,13,13
7,-1,-1,-1,0,4.571428571428571,2,2,41,2.0,0,30,0,http://scanner.rapid-antivir-2009.com/33/,scanner.rapid-antivir-2009.com,5.2,1,/33/,7,5,2,7
9,-1,-1,-1,0,7.777777777777778,3,2,80,13.333333333333334,0,30,0,http://scanner.rapid-antivir-2009.com/setup/install_511_MHwzM3wwfHx8fHx8fHw_.exe,scanner.rapid-antivir-2009.com,5.2,3,/setup/install_511_MHwzM3wwfHx8fHx8fHw_.exe,7,5,32,32
6,-1,-1,-1,0,5.333333333333333,2,2,40,2.0,0,29,0,http://scanner.rapidantivirus-09.com/33/,scanner.rapidantivirus-09.com,6.5,1,/33/,14,4,2,14
8,-1,-1,-1,0,8.75,3,2,79,13.333333333333334,0,29,0,http://scanner.rapidantivirus-09.com/setup/install_511_MHwzM3wwfHx8fHx8fHw_.exe,scanner.rapidantivirus-09.com,6.5,3,/setup/install_511_MHwzM3wwfHx8fHx8fHw_.exe,14,4,32,32
6,-1,-1,-1,0,5.666666666666667,2,2,41,6.0,0,13,0,http://scanray6.info/download/install.php,scanray6.info,6.0,3,/download/install.php,8,2,8,8
7,-1,-1,-1,0,5.714285714285714,2,2,48,3.5,0,22,0,http://scanspywaresonline.com/demo.php?ewmid=205,scanspywaresonline.com,10.5,2,/demo.php,18,2,4,18
8,-1,-1,-1,0,9.0,2,2,81,9.4,0,22,0,http://scanspywaresonline.com/download/10520/205/AntiSpywarePro_Installer_eng.exe,scanspywaresonline.com,10.5,5,/download/10520/205/AntiSpywarePro_Installer_eng.exe,18,2,28,28
6,-1,-1,-1,0,5.833333333333333,2,2,42,6.0,0,14,0,http://scanstar6.info/download/install.php,scanstar6.info,6.5,3,/download/install.php,9,2,8,9
6,-1,-1,18779,0,5.666666666666667,2,2,41,5.0,0,16,0,http://searchsuggest.cn/catalog/bookz.pdf,searchsuggest.cn,7.5,3,/catalog/bookz.pdf,13,2,7,13
6,-1,-1,18779,0,5.833333333333333,2,2,42,5.333333333333333,0,16,0,http://searchsuggest.cn/catalog/demoxs.swf,searchsuggest.cn,7.5,3,/catalog/demoxs.swf,13,2,7,13
8,-1,-1,18779,0,4.0,2,2,41,3.6666666666666665,0,16,0,http://searchsuggest.cn/catalog/q.php?s=2,searchsuggest.cn,7.5,3,/catalog/q.php,13,2,7,13
8,-1,-1,18779,0,4.0,2,2,41,3.6666666666666665,0,16,0,http://searchsuggest.cn/catalog/x.php?q=1,searchsuggest.cn,7.5,3,/catalog/x.php,13,2,7,13
12,-1,-1,-1,1,3.8333333333333335,3,2,59,3.25,0,21,0,http://secure.xsoftstore.com/cgi-bin/bill.cgi?id=33&type=cc,secure.xsoftstore.com,6.333333333333333,4,/cgi-bin/bill.cgi,10,3,4,10
5,-1,-1,-1,0,4.0,2,2,26,2.5,0,12,0,http://seresult.com/go.php,seresult.com,5.5,2,/go.php,8,2,3,8
5,-1,-1,-1,0,7.2,2,2,42,4.0,0,25,0,http://servicenetworktoolcom.com/codec.exe,servicenetworktoolcom.com,12.0,2,/codec.exe,21,2,5,21
6,-1,-1,-1,0,6.5,2,2,46,3.6666666666666665,0,25,0,http://servicenetworktoolcom.com/codec/197.exe,servicenetworktoolcom.com,12.0,3,/codec/197.exe,21,2,5,21
5,-1,-1,-1,0,7.0,2,2,41,3.5,0,25,0,http://servicenetworktoolcom.com/file.exe,servicenetworktoolcom.com,12.0,2,/file.exe,21,2,4,21
5,-1,-1,-1,0,7.2,2,2,42,4.0,0,25,0,http://servicenetworktoolcom.com/pcdef.exe,servicenetworktoolcom.com,12.0,2,/pcdef.exe,21,2,5,21
3,-1,-1,18779,0,5.333333333333333,1,2,20,0,0,13,0,http://serymercha.cn,serymercha.cn,6.0,0,,10,2,0,10
5,-1,-1,-1,0,4.4,2,2,28,4.0,0,11,0,http://sexlool.com/codec.exe,sexlool.com,5.0,2,/codec.exe,7,2,5,7
6,-1,-1,-1,0,4.166666666666667,2,2,32,3.6666666666666665,0,11,0,http://sexlool.com/codec/197.exe,sexlool.com,5.0,3,/codec/197.exe,7,2,5,7
5,-1,-1,-1,0,4.2,2,2,27,3.5,0,11,0,http://sexlool.com/file.exe,sexlool.com,5.0,2,/file.exe,7,2,4,7
5,-1,-1,-1,0,4.4,2,2,28,4.0,0,11,0,http://sexlool.com/pcdef.exe,sexlool.com,5.0,2,/pcdef.exe,7,2,5,7
7,21972768,-1,29278,0,4.571428571428571,3,2,40,4.333333333333333,0,17,0,http://sexonline.fake.hu/10/js_go_f1.php,sexonline.fake.hu,5.0,3,/10/js_go_f1.php,9,3,8,9
5,-1,-1,-1,0,5.0,2,2,31,4.0,0,14,0,http://sfdjmljfep.com/codec.exe,sfdjmljfep.com,6.5,2,/codec.exe,10,2,5,10
6,-1,-1,-1,0,4.666666666666667,2,2,35,3.6666666666666665,0,14,0,http://sfdjmljfep.com/codec/197.exe,sfdjmljfep.com,6.5,3,/codec/197.exe,10,2,5,10
5,-1,-1,-1,0,4.8,2,2,30,3.5,0,14,0,http://sfdjmljfep.com/file.exe,sfdjmljfep.com,6.5,2,/file.exe,10,2,4,10
5,-1,-1,-1,0,5.0,2,2,31,4.0,0,14,0,http://sfdjmljfep.com/pcdef.exe,sfdjmljfep.com,6.5,2,/pcdef.exe,10,2,5,10
6,-1,-1,29169,0,4.833333333333333,2,2,36,4.0,0,19,0,http://shopping-pharma.com/codec.exe,shopping-pharma.com,5.666666666666667,2,/codec.exe,8,3,5,8
7,-1,-1,29169,0,4.571428571428571,2,2,40,3.6666666666666665,0,19,0,http://shopping-pharma.com/codec/197.exe,shopping-pharma.com,5.666666666666667,3,/codec/197.exe,8,3,5,8
6,-1,-1,29169,0,4.666666666666667,2,2,35,3.5,0,19,0,http://shopping-pharma.com/file.exe,shopping-pharma.com,5.666666666666667,2,/file.exe,8,3,4,8
6,-1,-1,29169,0,4.833333333333333,2,2,36,4.0,0,19,0,http://shopping-pharma.com/pcdef.exe,shopping-pharma.com,5.666666666666667,2,/pcdef.exe,8,3,5,8
7,-1,-1,-1,0,4.142857142857143,2,2,37,4.0,0,20,0,http://sigurd-media-api.com/codec.exe,sigurd-media-api.com,4.25,2,/codec.exe,6,4,5,6
8,-1,-1,-1,0,4.0,2,2,41,3.6666666666666665,0,20,0,http://sigurd-media-api.com/codec/197.exe,sigurd-media-api.com,4.25,3,/codec/197.exe,6,4,5,6
7,-1,-1,-1,0,4.0,2,2,36,3.5,0,20,0,http://sigurd-media-api.com/file.exe,sigurd-media-api.com,4.25,2,/file.exe,6,4,4,6
7,-1,-1,-1,0,4.142857142857143,2,2,37,4.0,0,20,0,http://sigurd-media-api.com/pcdef.exe,sigurd-media-api.com,4.25,2,/pcdef.exe,6,4,5,6
5,-1,-1,-1,0,5.0,2,2,31,4.0,0,14,0,http://siskimoney.com/codec.exe,siskimoney.com,6.5,2,/codec.exe,10,2,5,10
6,-1,-1,-1,0,4.666666666666667,2,2,35,3.6666666666666665,0,14,0,http://siskimoney.com/codec/197.exe,siskimoney.com,6.5,3,/codec/197.exe,10,2,5,10
5,-1,-1,-1,0,4.8,2,2,30,3.5,0,14,0,http://siskimoney.com/file.exe,siskimoney.com,6.5,2,/file.exe,10,2,4,10
5,-1,-1,-1,0,5.0,2,2,31,4.0,0,14,0,http://siskimoney.com/pcdef.exe,siskimoney.com,6.5,2,/pcdef.exe,10,2,5,10
5,-1,-1,-1,0,4.8,2,2,30,4.0,0,13,0,http://sitzkeybm.org/codec.exe,sitzkeybm.org,6.0,2,/codec.exe,9,2,5,9
6,-1,-1,-1,0,4.5,2,2,34,3.6666666666666665,0,13,0,http://sitzkeybm.org/codec/197.exe,sitzkeybm.org,6.0,3,/codec/197.exe,9,2,5,9
5,-1,-1,-1,0,4.6,2,2,29,3.5,0,13,0,http://sitzkeybm.org/file.exe,sitzkeybm.org,6.0,2,/file.exe,9,2,4,9
5,-1,-1,-1,0,4.8,2,2,30,4.0,0,13,0,http://sitzkeybm.org/pcdef.exe,sitzkeybm.org,6.0,2,/pcdef.exe,9,2,5,9
3,12844352,-1,43541,0,4.333333333333333,1,2,17,0,0,10,0,http://smrcek.com,smrcek.com,4.5,0,,6,2,0,6
5,-1,-1,-1,0,4.6,2,2,29,4.0,0,12,0,http://softdnss.com/codec.exe,softdnss.com,5.5,2,/codec.exe,8,2,5,8
6,-1,-1,-1,0,4.333333333333333,2,2,33,3.6666666666666665,0,12,0,http://softdnss.com/codec/197.exe,softdnss.com,5.5,3,/codec/197.exe,8,2,5,8
5,-1,-1,-1,0,4.4,2,2,28,3.5,0,12,0,http://softdnss.com/file.exe,softdnss.com,5.5,2,/file.exe,8,2,4,8
5,-1,-1,-1,0,4.6,2,2,29,4.0,0,12,0,http://softdnss.com/pcdef.exe,softdnss.com,5.5,2,/pcdef.exe,8,2,5,8
5,-1,-1,-1,0,6.0,2,2,36,4.0,0,19,0,http://softnewsblogcom.com/codec.exe,softnewsblogcom.com,9.0,2,/codec.exe,15,2,5,15
6,-1,-1,-1,0,5.5,2,2,40,3.6666666666666665,0,19,0,http://softnewsblogcom.com/codec/197.exe,softnewsblogcom.com,9.0,3,/codec/197.exe,15,2,5,15
5,-1,-1,-1,0,5.8,2,2,35,3.5,0,19,0,http://softnewsblogcom.com/file.exe,softnewsblogcom.com,9.0,2,/file.exe,15,2,4,15
5,-1,-1,-1,0,6.0,2,2,36,4.0,0,19,0,http://softnewsblogcom.com/pcdef.exe,softnewsblogcom.com,9.0,2,/pcdef.exe,15,2,5,15
8,-1,-1,-1,0,4.375,2,2,44,2.3333333333333335,0,19,1,http://solmixgroup.cn:8080/ts/in.cgi?pepsi12,solmixgroup.cn:8080,5.666666666666667,3,/ts/in.cgi,11,3,3,11
3,-1,-1,43541,0,5.0,1,2,19,0,0,12,0,http://spekband.com,spekband.com,5.5,0,,8,2,0,8
6,-1,-1,-1,0,3.6666666666666665,2,2,29,4.0,0,12,0,http://ssc-club.com/codec.exe,ssc-club.com,3.3333333333333335,2,/codec.exe,4,3,5,5
7,-1,-1,-1,0,3.5714285714285716,2,2,33,3.6666666666666665,0,12,0,http://ssc-club.com/codec/197.exe,ssc-club.com,3.3333333333333335,3,/codec/197.exe,4,3,5,5
6,-1,-1,-1,0,3.5,2,2,28,3.5,0,12,0,http://ssc-club.com/file.exe,ssc-club.com,3.3333333333333335,2,/file.exe,4,3,4,4
6,-1,-1,-1,0,3.6666666666666665,2,2,29,4.0,0,12,0,http://ssc-club.com/pcdef.exe,ssc-club.com,3.3333333333333335,2,/pcdef.exe,4,3,5,5
5,-1,-1,-1,0,6.6,2,2,39,4.0,0,22,0,http://superdriverblogcom.com/codec.exe,superdriverblogcom.com,10.5,2,/codec.exe,18,2,5,18
6,-1,-1,-1,0,6.0,2,2,43,3.6666666666666665,0,22,0,http://superdriverblogcom.com/codec/197.exe,superdriverblogcom.com,10.5,3,/codec/197.exe,18,2,5,18
5,-1,-1,-1,0,6.4,2,2,38,3.5,0,22,0,http://superdriverblogcom.com/file.exe,superdriverblogcom.com,10.5,2,/file.exe,18,2,4,18
5,-1,-1,-1,0,6.6,2,2,39,4.0,0,22,0,http://superdriverblogcom.com/pcdef.exe,superdriverblogcom.com,10.5,2,/pcdef.exe,18,2,5,18
3,-1,-1,15685,0,4.333333333333333,1,2,17,0,0,10,0,http://synalov.cz,synalov.cz,4.5,0,,7,2,0,7
7,-1,-1,-1,0,4.857142857142857,2,2,42,4.5,0,13,0,http://systemjud.com/start/admo/getcfg.php,systemjud.com,6.0,4,/start/admo/getcfg.php,9,2,6,9
5,-1,-1,-1,0,6.4,2,2,38,4.0,0,21,0,http://takecarepleasecom.com/codec.exe,takecarepleasecom.com,10.0,2,/codec.exe,17,2,5,17
6,-1,-1,-1,0,5.833333333333333,2,2,42,3.6666666666666665,0,21,0,http://takecarepleasecom.com/codec/197.exe,takecarepleasecom.com,10.0,3,/codec/197.exe,17,2,5,17
5,-1,-1,-1,0,6.2,2,2,37,3.5,0,21,0,http://takecarepleasecom.com/file.exe,takecarepleasecom.com,10.0,2,/file.exe,17,2,4,17
5,-1,-1,-1,0,6.4,2,2,38,4.0,0,21,0,http://takecarepleasecom.com/pcdef.exe,takecarepleasecom.com,10.0,2,/pcdef.exe,17,2,5,17
7,-1,-1,-1,0,3.7142857142857144,2,2,34,3.3333333333333335,0,12,0,http://tds4self.com/sutra/in.cgi?2,tds4self.com,5.5,3,/sutra/in.cgi,8,2,5,8
6,-1,-1,-1,0,3.6666666666666665,2,2,29,4.0,0,12,0,http://test-biz.com/codec.exe,test-biz.com,3.3333333333333335,2,/codec.exe,4,3,5,5
7,-1,-1,-1,0,3.5714285714285716,2,2,33,3.6666666666666665,0,12,0,http://test-biz.com/codec/197.exe,test-biz.com,3.3333333333333335,3,/codec/197.exe,4,3,5,5
6,-1,-1,-1,0,3.5,2,2,28,3.5,0,12,0,http://test-biz.com/file.exe,test-biz.com,3.3333333333333335,2,/file.exe,4,3,4,4
6,-1,-1,-1,0,3.6666666666666665,2,2,29,4.0,0,12,0,http://test-biz.com/pcdef.exe,test-biz.com,3.3333333333333335,2,/pcdef.exe,4,3,5,5
5,-1,-1,35236,0,6.2,2,2,37,4.0,0,20,0,http://testdomainforapi.com/codec.exe,testdomainforapi.com,9.5,2,/codec.exe,16,2,5,16
6,-1,-1,35236,0,5.666666666666667,2,2,41,3.6666666666666665,0,20,0,http://testdomainforapi.com/codec/197.exe,testdomainforapi.com,9.5,3,/codec/197.exe,16,2,5,16
5,-1,-1,35236,0,6.0,2,2,36,3.5,0,20,0,http://testdomainforapi.com/file.exe,testdomainforapi.com,9.5,2,/file.exe,16,2,4,16
5,-1,-1,35236,0,6.2,2,2,37,4.0,0,20,0,http://testdomainforapi.com/pcdef.exe,testdomainforapi.com,9.5,2,/pcdef.exe,16,2,5,16
5,-1,-1,-1,0,5.2,2,2,32,4.0,0,15,0,http://testdomains.net/codec.exe,testdomains.net,7.0,2,/codec.exe,11,2,5,11
6,-1,-1,-1,0,4.833333333333333,2,2,36,3.6666666666666665,0,15,0,http://testdomains.net/codec/197.exe,testdomains.net,7.0,3,/codec/197.exe,11,2,5,11
5,-1,-1,-1,0,5.0,2,2,31,3.5,0,15,0,http://testdomains.net/file.exe,testdomains.net,7.0,2,/file.exe,11,2,4,11
5,-1,-1,-1,0,5.2,2,2,32,4.0,0,15,0,http://testdomains.net/pcdef.exe,testdomains.net,7.0,2,/pcdef.exe,11,2,5,11
6,-1,-1,-1,0,5.5,2,2,40,3.5,0,24,1,http://thebestwaytofind.cn:8080/load.php,thebestwaytofind.cn:8080,7.333333333333333,2,/load.php,16,3,4,16
5,-1,-1,33626,0,6.6,2,2,39,4.0,0,22,0,http://thehealthisgoldcom.com/codec.exe,thehealthisgoldcom.com,10.5,2,/codec.exe,18,2,5,18
6,-1,-1,33626,0,6.0,2,2,43,3.6666666666666665,0,22,0,http://thehealthisgoldcom.com/codec/197.exe,thehealthisgoldcom.com,10.5,3,/codec/197.exe,18,2,5,18
5,-1,-1,33626,0,6.4,2,2,38,3.5,0,22,0,http://thehealthisgoldcom.com/file.exe,thehealthisgoldcom.com,10.5,2,/file.exe,18,2,4,18
5,-1,-1,33626,0,6.6,2,2,39,4.0,0,22,0,http://thehealthisgoldcom.com/pcdef.exe,thehealthisgoldcom.com,10.5,2,/pcdef.exe,18,2,5,18
6,-1,-1,-1,0,5.0,2,2,37,3.5,0,21,0,http://thelitelocate.cn:8080/load.php,thelitelocate.cn:8080,6.333333333333333,2,/load.php,13,3,4,13
3,-1,-1,15456,0,6.333333333333333,1,2,23,0,0,16,0,http://themoodmusic.com,themoodmusic.com,7.5,0,,12,2,0,12
8,-1,-1,-1,0,3.875,3,2,40,3.75,0,14,0,http://www.rgmbiz.org/inc/mod/dfgdfs.bin,www.rgmbiz.org,4.0,4,/inc/mod/dfgdfs.bin,6,3,6,6
6,-1,-1,-1,0,4.5,2,2,34,3.6666666666666665,0,13,0,http://lmagehost.net/img/imgit.jpg,lmagehost.net,6.0,3,/img/imgit.jpg,9,2,5,9
11,-1,-1,-1,0,5.090909090909091,3,2,68,5.4,0,29,0,http://www.free-videos-download.info/dnk001/video/download/movie.php,www.free-videos-download.info,5.0,5,/dnk001/video/download/movie.php,8,5,8,8
7,-1,-1,-1,0,4.714285714285714,2,2,41,5.5,0,13,0,http://topscann4.com/download.php?id=2004,topscann4.com,6.0,2,/download.php,9,2,8,9
3,-1,-1,43060,0,5.0,1,2,19,0,0,12,0,http://maxtravel.uz,maxtravel.uz,5.5,0,,9,2,0,9
5,-1,-1,8075,0,4.4,2,2,28,4.0,0,11,1,http://aweleon.com/ghost.php,aweleon.com,5.0,2,/ghost.php,7,2,5,7
5,-1,-1,8075,0,4.2,2,2,27,3.0,0,12,1,http://gumentha.com/in2.php,gumentha.com,5.5,2,/in2.php,8,2,3,8
5,-1,-1,8075,0,4.0,2,2,26,3.0,0,11,1,http://purgand.com/in5.php,purgand.com,5.0,2,/in5.php,7,2,3,7
6,-1,-1,-1,0,5.333333333333333,1,2,40,3.0,0,12,0,http://domoktov.com/bu1/?t=4b32085e5ae9e,domoktov.com,5.5,1,/bu1/,8,2,3,13
8,-1,-1,-1,0,5.75,2,2,55,3.6666666666666665,0,12,0,http://domoktov.com/bu1/admin.php?action=account__login,domoktov.com,5.5,3,/bu1/admin.php,8,2,5,14
5,-1,-1,33626,0,7.6,2,2,44,4.0,0,27,0,http://lanuevaeradeldesarrollo.com/ik9ok.y97,lanuevaeradeldesarrollo.com,13.0,2,/ik9ok.y97,23,2,5,23
5,-1,-1,33626,0,7.6,2,2,44,4.0,0,27,0,http://lanuevaeradeldesarrollo.com/vo3ru.asp,lanuevaeradeldesarrollo.com,13.0,2,/vo3ru.asp,23,2,5,23
6,-1,-1,26496,0,4.666666666666667,2,2,35,4.666666666666667,0,11,0,http://gamebay.biz/0/helloworld.bin,gamebay.biz,5.0,3,/0/helloworld.bin,7,2,10,10
1,-1,-1,-1,0,4.0,0,2,8,0,0,1,0,http://-,-,0,0,,0,0,0,4
6,-1,-1,34221,0,5.0,2,2,37,4.0,0,15,0,http://myperfection.ru/forum1/777.txt,myperfection.ru,7.0,3,/forum1/777.txt,12,2,6,12
6,-1,-1,33626,0,4.666666666666667,2,2,35,3.0,0,16,0,http://carribespain.com/uk/list.xls,carribespain.com,7.5,3,/uk/list.xls,12,2,4,12
5,-1,-1,33626,0,7.8,2,2,45,7.0,0,22,0,http://goldhostingservice.com/rfue7ht4fyt.bin,goldhostingservice.com,10.5,2,/rfue7ht4fyt.bin,18,2,11,18
6,-1,-1,33626,0,4.833333333333333,2,2,36,3.6666666666666665,0,15,0,http://ganscompany.com/vvn/cf_nn.bin,ganscompany.com,7.0,3,/vvn/cf_nn.bin,11,2,5,11
6,-1,-1,7506,0,4.333333333333333,2,2,33,3.3333333333333335,0,13,0,http://wedmoney.info/123/cfg5.bin,wedmoney.info,6.0,3,/123/cfg5.bin,8,2,4,8
8,-1,-1,-1,1,3.25,2,2,35,2.75,0,13,0,http://login-srf.com/z/s/config.bin,login-srf.com,3.6666666666666665,4,/z/s/config.bin,5,3,6,6
7,-1,-1,-1,0,4.142857142857143,2,2,37,3.6666666666666665,0,16,0,http://nikonet-plus.com/vvn/cf_nn.bin,nikonet-plus.com,4.666666666666667,3,/vvn/cf_nn.bin,7,3,5,7
5,-1,-1,-1,0,4.4,2,2,28,4.0,0,11,0,http://usrv103.com/ik9ok.y97,usrv103.com,5.0,2,/ik9ok.y97,7,2,5,7
6,-1,-1,33626,0,5.166666666666667,2,2,38,4.0,0,16,0,http://carribespain.com/uk/persent.exe,carribespain.com,7.5,3,/uk/persent.exe,12,2,7,12
5,-1,-1,33626,0,8.2,2,2,47,8.0,0,22,0,http://goldhostingservice.com/ujnegh6y73884.exe,goldhostingservice.com,10.5,2,/ujnegh6y73884.exe,18,2,13,18
6,-1,-1,7506,0,4.166666666666667,2,2,32,3.0,0,13,0,http://wedmoney.info/123/bot.exe,wedmoney.info,6.0,3,/123/bot.exe,8,2,3,8
8,-1,-1,-1,1,2.875,2,2,32,2.0,0,13,0,http://login-srf.com/z/s/bot.exe,login-srf.com,3.6666666666666665,4,/z/s/bot.exe,5,3,3,5
7,-1,-1,-1,0,4.0,2,2,36,3.3333333333333335,0,16,0,http://nikonet-plus.com/vvn/nv_e.exe,nikonet-plus.com,4.666666666666667,3,/vvn/nv_e.exe,7,3,4,7
